sequence to paste ,Parameter Set,Na+ concentration,Mg++ concentration,F1c/B1c Length Min,F1c/B1c Length Max,F2/B2 Length Min,F2/B2 Length Max,F3/B3 Length Min,F3/B3 Length Max,LF/LB Length Min,LF/LB Length Max,F1c/B1c Tm Min,F1c/B1c Tm Max,F2/B2 Tm Min,F2/B2 Tm Max,F3/B3 Tm Min,F3/B3 Tm Max,LF/LB Tm Min,LF/LB Tm Max,GC Min,GC Max,GC Min (Loop),GC Max (Loop),ΔG threshold 5′ Stability,ΔG threshold 3′ Stability,ΔG threshold 3′ Stability (Loop),Dimer check,Dimer check (Loop),Distances F2-B2 Min,Distances F2-B2 Max,Distances Loop F1c-F2 Min,Distances Loop F1c-F2 Max,Distances F2-F3 Min,Distances F2-F3 Max,Distances F1c-B1c Min,Distances F1c-B1c Max,Limits F1c/B1c,Limits F2/B2,Limits F3/B3,Limits LF/LB,Sets
AATTAATGAACGAAATATAACGAGTGAGATGCGTGAATCATTTTTAGATTATGCGATGAGCGTTATTGTATCACGTGCTTTACCAGATGTTAGAGATGGTTTGAAACCAGTACATCGACGTATATTGTATGGTTTGCATGAACAAGGTATGACACCAGATAAGTCATACAAGAAGTCTGCACGTATTGTTGGGGACGTAATGGGTAAATATCACCCACATGGTGACTCATCTATTTATGAAGCAATGGTAAGAATGGCACAAGACTTCAGCTATCGATATCCTTTAATTGATGGACAAGGTAACTTTGGTTCAATGGATGGCGATGGCGCAGCTGCGATGCGTTATACAGAAGCACGTATGTCTAAGATAACACTAGAAATGCTCAGAGATATAAACAAAGATACGATTGATTTTATAGATAACTATGATGGTAATGAGAGAGAGCCGGCAGTCTTACCATCAAGATTTCCAAACTTACTAGTTAATGGTGCTTCTGGTATCGCAGTAGGTATGGCTACAAACATTCCACCACATAATTTAACAGAAGTT,AT-rich default parameters,20,8,20,25,18,25,18,25,15,25,60,63,55,58,55,58,64,66,30,65,40,65,-4,-4,-2,-2.5,-3.5,120,160,40,60,0,60,0,100,3,10,3,10,1000
AATCAATATATACCTTAGCATTAGCAAAAAGCCATAGAACATCTAATGACAAGGAACTGATACGTTTTAATAGCGATTATGCTAAAATAGAGGGTGAACTTAGCTATAGATATGGCGACATGCCTTTAACGATGTATATTACCAAAAAAGGCAAGCAAGTTAAAATCAATCACTTAGAGCAAAGTAGACTGACACAATATATAGGTCATTTAAATGTCGTATTGTTTGCGCCTGAAGATTTAAACATTGTCAAAGGATCGCCACAAGTTAGACGCAGATTTATAGATATGGAACTCGGCCAAATATCTGCGGTATATTTAAATGATTTATCACAATATCAGAGGATTTTAAAACAAAAAAATAATTATTTGAAGCAACTGCAATATGGTCAAAAGACGGATAGTACAATGCTAGAAGTCTTAAATCAACAATTTGCAGAGTATGCGCTCAAAATTACACAAAGACGTGAACATTTTATTAAAGAACTTGAATCACTAGCTAAACCTATCCATTCTGGTATTACCAATGAACGTGAAACATTGTCGTTAGA,Normal default parameters,170,8,20,22,18,20,18,20,15,25,64,66,59,61,59,61,64,66,40,65,40,65,-4,-4,-2,-2.5,-3.5,120,160,40,60,0,60,0,100,3,10,3,10,1000
TACTAGTAAAGAGCTATTATAAATAACTTTGAAACTAAATATTAAAAAATAGTTAAAATAAGTTGGAAGAAATCGCTTACTCACTGTATTTTACATGAAATTTTTCGTAAAAAAAGGTATAATATATAAGTGAGCTTAAAAGAAATGGAGTGATTGATTTGGTTGAAGAGGTAATCGTTGATGGGGATATTACTTTAGGACAATTTCTAAAGACAGAAGGTATTATCGAATCCGGCGGACAAGCAAAATGGTTCTTACAAGATTTTGACGTCATGATTAATGACGAGCGTGAAACACGTCGTGGTAAAAAATTAAATCATCGAGATAATATTGTTATACCAGAAGTCGGTTCATTTTTGATTTTACATCAAGGTGAAGAATGAAATTAAAGAAACTCCAACTCGAGCATTATCGAAATTATGAGTCAATCAGTTTAAATTGTCATCCTGACGTAAATATCTTGATTGGTGAAAATGCTCAAGGGAAGACAAACTTACTTGAATCAATATATACCTTAGCATTAGCAAAAAGCCATAGAACATCTAATGAC,Normal default parameters,170,4,20,22,18,20,18,20,15,25,64,66,59,61,59,61,64,66,40,65,40,65,-4,-4,-2,-2.5,-3.5,120,160,40,60,0,60,0,100,3,10,3,10,1000
AATTAATGAACGAAATATAACGAGTGAGATGCGTGAATCATTTTTAGATTATGCGATGAGCGTTATTGTATCACGTGCTTTACCAGATGTTAGAGATGGTTTGAAACCAGTACATCGACGTATATTGTATGGTTTGCATGAACAAGGTATGACACCAGATAAGTCATACAAGAAGTCTGCACGTATTGTTGGGGACGTAATGGGTAAATATCACCCACATGGTGACTCATCTATTTATGAAGCAATGGTAAGAATGGCACAAGACTTCAGCTATCGATATCCTTTAATTGATGGACAAGGTAACTTTGGTTCAATGGATGGCGATGGCGCAGCTGCGATGCGTTATACAGAAGCACGTATGTCTAAGATAACACTAGAAATGCTCAGAGATATAAACAAAGATACGATTGATTTTATAGATAACTATGATGGTAATGAGAGAGAGCCGGCAGTCTTACCATCAAGATTTCCAAACTTACTAGTTAATGGTGCTTCTGGTATCGCAGTAGGTATGGCTACAAACATTCCACCACATAATTTAACAGAAGTT,AT-rich default parameters,20,8,20,25,18,25,18,25,15,25,60,63,55,58,55,58,64,66,30,65,40,65,-4,-4,-2,-2.5,-3.5,120,160,40,60,0,60,0,100,3,10,3,10,1000
GTTCTTACAAGATTTTGACGTCATGATTAATGACGAGCGTGAAACACGTCGTGGTAAAAAATTAAATCATCGAGATAATATTGTTATACCAGAAGTCGGTTCATTTTTGATTTTACATCAAGGTGAAGAATGAAATTAAAGAAACTCCAACTCGAGCATTATCGAAATTATGAGTCAATCAGTTTAAATTGTCATCCTGACGTAAATATCTTGATTGGTGAAAATGCTCAAGGGAAGACAAACTTACTTGAATCAATATATACCTTAGCATTAGCAAAAAGCCATAGAACATCTAATGACAAGGAACTGATACGTTTTAATAGCGATTATGCTAAAATAGAGGGTGAACTTAGCTATAGATATGGCGACATGCCTTTAACGATGTATATTACCAAAAAAGGCAAGCAAGTTAAAATCAATCACTTAGAGCAAAGTAGACTGACACAATATATAGGTCATTTAAATGTCGTATTGTTTGCGCCTGAAGATTTAAACATTGTCAAAGGATCGCCACAAGTTAGACGCAGATTTATAGATATGGAACTCGGCC,Normal default parameters,170,6,20,22,18,20,18,20,15,25,64,66,59,61,59,61,64,66,40,65,40,65,-4,-4,-2,-2.5,-3.5,120,160,40,60,0,60,0,100,3,10,3,10,1000
CAAAGGATCGCCACAAGTTAGACGCAGATTTATAGATATGGAACTCGGCCAAATATCTGCGGTATATTTAAATGATTTATCACAATATCAGAGGATTTTAAAACAAAAAAATAATTATTTGAAGCAACTGCAATATGGTCAAAAGACGGATAGTACAATGCTAGAAGTCTTAAATCAACAATTTGCAGAGTATGCGCTCAAAATTACACAAAGACGTGAACATTTTATTAAAGAACTTGAATCACTAGCTAAACCTATCCATTCTGGTATTACCAATGAACGTGAAACATTGTCGTTAGAGTACTTGCCAAGTATTAAATTGGCAGATGAAGAACAAAGTGAGACGGAACGACTAGAGGGAGTCTTAACTTTGCTTAAAGACAATATGGAACGTGAGAAAGATAGAGGCGTATGTTTATATGGCCCTCACAGAGATGATTTAGGTTTTAATGTAAATGGTATGGACGCTCAAACATACGGTTCGCAAGGTCAACAGCGAACAACCGCACTATCAATAAAACTCGCTGAAATTGAGTTGATGAACATTGAA,Normal default parameters,220,2,20,22,18,20,18,20,15,25,64,66,59,61,59,61,64,66,40,65,40,65,-4,-4,-2,-2.5,-3.5,120,160,40,60,0,60,0,100,3,10,3,10,1000
AAACCTATCCATTCTGGTATTACCAATGAACGTGAAACATTGTCGTTAGAGTACTTGCCAAGTATTAAATTGGCAGATGAAGAACAAAGTGAGACGGAACGACTAGAGGGAGTCTTAACTTTGCTTAAAGACAATATGGAACGTGAGAAAGATAGAGGCGTATGTTTATATGGCCCTCACAGAGATGATTTAGGTTTTAATGTAAATGGTATGGACGCTCAAACATACGGTTCGCAAGGTCAACAGCGAACAACCGCACTATCAATAAAACTCGCTGAAATTGAGTTGATGAACATTGAAGTCGGTGAGTATCCAATATTATTGCTAGATGATGTACTAAGTGAATTAGATGATTCGCGTCAATCTCATTTATTGAGCACTATTCAACATAAAGTGCAGACTTTTGTAACGACGACATCCGTAGATGGTATAGAACATGAAATTATGAAAAACGCTAAACTTTATCGCATTAACCAAGGCGAAATTATAAAGTAACAGAAAGTGAAGGTGGAAGCATTGTCAGATGTGAACAACACGGAAGATTATGGTG,Normal default parameters,220,4,20,22,18,20,18,20,15,25,64,66,59,61,59,61,64,66,40,65,40,65,-4,-4,-2,-2.5,-3.5,120,160,40,60,0,60,0,100,3,10,3,10,1000
CAACCGCACTATCAATAAAACTCGCTGAAATTGAGTTGATGAACATTGAAGTCGGTGAGTATCCAATATTATTGCTAGATGATGTACTAAGTGAATTAGATGATTCGCGTCAATCTCATTTATTGAGCACTATTCAACATAAAGTGCAGACTTTTGTAACGACGACATCCGTAGATGGTATAGAACATGAAATTATGAAAAACGCTAAACTTTATCGCATTAACCAAGGCGAAATTATAAAGTAACAGAAAGTGAAGGTGGAAGCATTGTCAGATGTGAACAACACGGAAGATTATGGTGCTGGACAGATACAAGTATTAGAAGGTCTAGAAGCGGTACGTAAAAGACCTGGTATGTATATAGGATCAACTTCAGAAAAAGGTTTACACCATCTTGTATGGGAAATTGTCGATAATAGTATTGATGAAGCACTTGCAGGGTATGCTAACCAAATTGAAGTTGTTATTGAAAAAGATAATTGGATTAAAGTAACGGATAATGGACGAGGTATCCCAGTTGGTATACAAGAAAAAATGGGACGTCCTGCAGT,Normal default parameters,220,6,20,22,18,20,18,20,15,25,64,66,59,61,59,61,64,66,40,65,40,65,-4,-4,-2,-2.5,-3.5,120,160,40,60,0,60,0,100,3,10,3,10,1000
AGTGAAGGTGGAAGCATTGTCAGATGTGAACAACACGGAAGATTATGGTGCTGGACAGATACAAGTATTAGAAGGTCTAGAAGCGGTACGTAAAAGACCTGGTATGTATATAGGATCAACTTCAGAAAAAGGTTTACACCATCTTGTATGGGAAATTGTCGATAATAGTATTGATGAAGCACTTGCAGGGTATGCTAACCAAATTGAAGTTGTTATTGAAAAAGATAATTGGATTAAAGTAACGGATAATGGACGAGGTATCCCAGTTGGTATACAAGAAAAAATGGGACGTCCTGCAGTTGAAGTTATTTTAACAGTACTCCATGCCGGTGGTAAATTCGGCGGTGGCGGATACAAAGTTTCTGGTGGTCTACATGGTGTAGGTTCTTCTGTAGTTAACGCCTTATCTGAAGACCTAGAAGTTTATGTATATAAAGATCGTCAAGTTTATCATCAAGCTTATAAAAAGGGTGTTCCTCAATTTGACTTGAAAGTAATTGAAGAAACAGAAGATGATAACACTGGTACAATGATTCGTTTTAAAGCGGAT,Normal default parameters,220,8,20,22,18,20,18,20,15,25,64,66,59,61,59,61,64,66,40,65,40,65,-4,-4,-2,-2.5,-3.5,120,160,40,60,0,60,0,100,3,10,3,10,1000
GGACGAGGTATCCCAGTTGGTATACAAGAAAAAATGGGACGTCCTGCAGTTGAAGTTATTTTAACAGTACTCCATGCCGGTGGTAAATTCGGCGGTGGCGGATACAAAGTTTCTGGTGGTCTACATGGTGTAGGTTCTTCTGTAGTTAACGCCTTATCTGAAGACCTAGAAGTTTATGTATATAAAGATCGTCAAGTTTATCATCAAGCTTATAAAAAGGGTGTTCCTCAATTTGACTTGAAAGTAATTGAAGAAACAGAAGATGATAACACTGGTACAATGATTCGTTTTAAAGCGGATCCTGAGATTTTTACAGAGACAACTGAATATCATTATGAGACATTACAACAACGTACAAGAGAACTTGCTTTCTTGAATAAAGGTATTTCAATTACTTTGAGAGACGAACGTGGTGAAGAAGTTAGAGAAGACACTTATCACTACGAAGGTGGTATTAAATCTTACGTTGAGATGTTAAATGAAAATAAAGAACCGTTACATGAAGAGCCTATATATGTACATCAAACAAAAGATGATATTGAAGTTGAAA,Normal default parameters,270,2,20,22,18,20,18,20,15,25,64,66,59,61,59,61,64,66,40,65,40,65,-4,-4,-2,-2.5,-3.5,120,160,40,60,0,60,0,100,3,10,3,10,1000
AAGAAACAGAAGATGATAACACTGGTACAATGATTCGTTTTAAAGCGGATCCTGAGATTTTTACAGAGACAACTGAATATCATTATGAGACATTACAACAACGTACAAGAGAACTTGCTTTCTTGAATAAAGGTATTTCAATTACTTTGAGAGACGAACGTGGTGAAGAAGTTAGAGAAGACACTTATCACTACGAAGGTGGTATTAAATCTTACGTTGAGATGTTAAATGAAAATAAAGAACCGTTACATGAAGAGCCTATATATGTACATCAAACAAAAGATGATATTGAAGTTGAAATTGCATTACAATATAACAAAGGCTTTGCAACCAACTTATTAACTTATGCGAATAACATACACACTTACGAGGGTGGTACACATGAAGAAGGCTTTAAGCGCGCACTTTCTCGTGTATTAAATAGCTATGGGATAAGTAGTAAAATTATCAAAGATGATAAAGAGAGACTTTCAGGTGAAGATACACGTGAAGGTTTAACAGCTATTGTTTCAATCAAACATGGCGATCCACAATTTGAAGGACAAACAAA,Normal default parameters,270,4,20,22,18,20,18,20,15,25,64,66,59,61,59,61,64,66,40,65,40,65,-4,-4,-2,-2.5,-3.5,120,160,40,60,0,60,0,100,3,10,3,10,1000
TGAAGAGCCTATATATGTACATCAAACAAAAGATGATATTGAAGTTGAAATTGCATTACAATATAACAAAGGCTTTGCAACCAACTTATTAACTTATGCGAATAACATACACACTTACGAGGGTGGTACACATGAAGAAGGCTTTAAGCGCGCACTTTCTCGTGTATTAAATAGCTATGGGATAAGTAGTAAAATTATCAAAGATGATAAAGAGAGACTTTCAGGTGAAGATACACGTGAAGGTTTAACAGCTATTGTTTCAATCAAACATGGCGATCCACAATTTGAAGGACAAACAAAAACAAAATTAGGTAACTCTGAGGTACGTCAAGTTGTTGATAAATTATTCTCTGAGTTGTTCGAGCGTTTCTTATTAGAGAACCCGCAAGTAGGGCGCATAGTTGTTGAAAAAGGTATTATGGCTTCTCACGCGCGTCTTGCTGCGAAAAAAGCACGTGAAGTGACACGTCGTAAATCTGCTTTAGAAATCTCAAGCTTACCTGGTAAACTTGCAGATTGTTCTAGTAAAGATCCTTCCAGAAGTGAAATC,Normal default parameters,270,6,20,22,18,20,18,20,15,25,64,66,59,61,59,61,64,66,40,65,40,65,-4,-4,-2,-2.5,-3.5,120,160,40,60,0,60,0,100,3,10,3,10,1000
GCTATTGTTTCAATCAAACATGGCGATCCACAATTTGAAGGACAAACAAAAACAAAATTAGGTAACTCTGAGGTACGTCAAGTTGTTGATAAATTATTCTCTGAGTTGTTCGAGCGTTTCTTATTAGAGAACCCGCAAGTAGGGCGCATAGTTGTTGAAAAAGGTATTATGGCTTCTCACGCGCGTCTTGCTGCGAAAAAAGCACGTGAAGTGACACGTCGTAAATCTGCTTTAGAAATCTCAAGCTTACCTGGTAAACTTGCAGATTGTTCTAGTAAAGATCCTTCCAGAAGTGAAATCTTTATCGTAGAGGGTGACTCTGCCGGAGGGTCTACAAAGTCAGGCAGAGACTCGGAAACACAAGCGATTTTGCCATTGCGTGGTAAGATATTAAACGTTGAAAAAGCTCGCTTAGACAGAATATTAAATAATAATGAAATCCGTTCTATGATTACAGCATTTGGTACAGGTATTGGTGGAGAATTTGATTTAAGCAAAGCACGTTACCACAAAATTGTACTTATGACTGATGCTGACGTTGATGGCGCAC,Normal default parameters,270,8,20,22,18,20,18,20,15,25,64,66,59,61,59,61,64,66,40,65,40,65,-4,-4,-2,-2.5,-3.5,120,160,40,60,0,60,0,100,3,10,3,10,1000
CTGGTAAACTTGCAGATTGTTCTAGTAAAGATCCTTCCAGAAGTGAAATCTTTATCGTAGAGGGTGACTCTGCCGGAGGGTCTACAAAGTCAGGCAGAGACTCGGAAACACAAGCGATTTTGCCATTGCGTGGTAAGATATTAAACGTTGAAAAAGCTCGCTTAGACAGAATATTAAATAATAATGAAATCCGTTCTATGATTACAGCATTTGGTACAGGTATTGGTGGAGAATTTGATTTAAGCAAAGCACGTTACCACAAAATTGTACTTATGACTGATGCTGACGTTGATGGCGCACATATTAGAACATTACTATTAACTTTCTTCTATCGCTTTATGAGACCGCTAATAGAAGCCGGCTATGTATATATCGCTCAACCGCCTTTATTCAAATTAACACAAGGTAAACAAAAGTATTATGTGTTTAATGAACGTGAATTGGAAAAACTGAAATCCGAGTTAGATCCTACGCCGAAATGGTCAATTTCACGTTATAAAGGTCTTGGCGAAATGAACGCAGACCAATTATGGGAAACAACAATGAATCC,AT-rich default parameters,20,2,20,25,18,25,18,25,15,25,60,63,55,58,55,58,64,66,30,65,40,65,-4,-4,-2,-2.5,-3.5,120,160,40,60,0,60,0,100,3,10,3,10,1000
ACGTTACCACAAAATTGTACTTATGACTGATGCTGACGTTGATGGCGCACATATTAGAACATTACTATTAACTTTCTTCTATCGCTTTATGAGACCGCTAATAGAAGCCGGCTATGTATATATCGCTCAACCGCCTTTATTCAAATTAACACAAGGTAAACAAAAGTATTATGTGTTTAATGAACGTGAATTGGAAAAACTGAAATCCGAGTTAGATCCTACGCCGAAATGGTCAATTTCACGTTATAAAGGTCTTGGCGAAATGAACGCAGACCAATTATGGGAAACAACAATGAATCCAGAAAATAGAGCTATGTTACAAGTATCACTAGATGATGCGATAGAGGCAGATCAAGTCTTTGAAATGCTTATGGGAGACGTTGTTGAGAATCGTAGACAGTTTATTGAAGATAACGCAGTCTATGCCAACCTAGATTTCTAATTGTATGAACTGAATTTTTGAAGGAGGATATCTTGATGGCTGAATTACCTGAATCAAGAATTAATGAACGAAATATAACGAGTGAGATGCGTGAATCATTTTTAGATT,AT-rich default parameters,20,4,20,25,18,25,18,25,15,25,60,63,55,58,55,58,64,66,30,65,40,65,-4,-4,-2,-2.5,-3.5,120,160,40,60,0,60,0,100,3,10,3,10,1000
GGTCTTGGCGAAATGAACGCAGACCAATTATGGGAAACAACAATGAATCCAGAAAATAGAGCTATGTTACAAGTATCACTAGATGATGCGATAGAGGCAGATCAAGTCTTTGAAATGCTTATGGGAGACGTTGTTGAGAATCGTAGACAGTTTATTGAAGATAACGCAGTCTATGCCAACCTAGATTTCTAATTGTATGAACTGAATTTTTGAAGGAGGATATCTTGATGGCTGAATTACCTGAATCAAGAATTAATGAACGAAATATAACGAGTGAGATGCGTGAATCATTTTTAGATTATGCGATGAGCGTTATTGTATCACGTGCTTTACCAGATGTTAGAGATGGTTTGAAACCAGTACATCGACGTATATTGTATGGTTTGCATGAACAAGGTATGACACCAGATAAGTCATACAAGAAGTCTGCACGTATTGTTGGGGACGTAATGGGTAAATATCACCCACATGGTGACTCATCTATTTATGAAGCAATGGTAAGAATGGCACAAGACTTCAGCTATCGATATCCTTTAATTGATGGACAAGG,AT-rich default parameters,20,6,20,25,18,25,18,25,15,25,60,63,55,58,55,58,64,66,30,65,40,65,-4,-4,-2,-2.5,-3.5,120,160,40,60,0,60,0,100,3,10,3,10,1000
AATTAATGAACGAAATATAACGAGTGAGATGCGTGAATCATTTTTAGATTATGCGATGAGCGTTATTGTATCACGTGCTTTACCAGATGTTAGAGATGGTTTGAAACCAGTACATCGACGTATATTGTATGGTTTGCATGAACAAGGTATGACACCAGATAAGTCATACAAGAAGTCTGCACGTATTGTTGGGGACGTAATGGGTAAATATCACCCACATGGTGACTCATCTATTTATGAAGCAATGGTAAGAATGGCACAAGACTTCAGCTATCGATATCCTTTAATTGATGGACAAGGTAACTTTGGTTCAATGGATGGCGATGGCGCAGCTGCGATGCGTTATACAGAAGCACGTATGTCTAAGATAACACTAGAAATGCTCAGAGATATAAACAAAGATACGATTGATTTTATAGATAACTATGATGGTAATGAGAGAGAGCCGGCAGTCTTACCATCAAGATTTCCAAACTTACTAGTTAATGGTGCTTCTGGTATCGCAGTAGGTATGGCTACAAACATTCCACCACATAATTTAACAGAAGTT,AT-rich default parameters,20,8,20,25,18,25,18,25,15,25,60,63,55,58,55,58,64,66,30,65,40,65,-4,-4,-2,-2.5,-3.5,120,160,40,60,0,60,0,100,3,10,3,10,1000
AGAATGGCACAAGACTTCAGCTATCGATATCCTTTAATTGATGGACAAGGTAACTTTGGTTCAATGGATGGCGATGGCGCAGCTGCGATGCGTTATACAGAAGCACGTATGTCTAAGATAACACTAGAAATGCTCAGAGATATAAACAAAGATACGATTGATTTTATAGATAACTATGATGGTAATGAGAGAGAGCCGGCAGTCTTACCATCAAGATTTCCAAACTTACTAGTTAATGGTGCTTCTGGTATCGCAGTAGGTATGGCTACAAACATTCCACCACATAATTTAACAGAAGTTATCAATGGTGTATTGAGTTTGAGTTATAATCCAGATATTACTGTTGCAGAATTGATGGAAGATGTTCAAGGGCCTGACTTCCCAACGGCTGGAATTATACTTGGAAAGAGCGGTATTCGTCGTGCGTTTGAAACAGGTCGCGGATCTATTCAAATGCGTTCTCGTGCAGAAATTGAAGAACGTGGTGGCGGACGTCAACGTATCGTTGTAACTGAAGTCCCATATCAAGTGAATAAAGCACGTATGATTG,AT-rich default parameters,70,2,20,25,18,25,18,25,15,25,60,63,55,58,55,58,64,66,30,65,40,65,-4,-4,-2,-2.5,-3.5,120,160,40,60,0,60,0,100,3,10,3,10,1000
TCGCAGTAGGTATGGCTACAAACATTCCACCACATAATTTAACAGAAGTTATCAATGGTGTATTGAGTTTGAGTTATAATCCAGATATTACTGTTGCAGAATTGATGGAAGATGTTCAAGGGCCTGACTTCCCAACGGCTGGAATTATACTTGGAAAGAGCGGTATTCGTCGTGCGTTTGAAACAGGTCGCGGATCTATTCAAATGCGTTCTCGTGCAGAAATTGAAGAACGTGGTGGCGGACGTCAACGTATCGTTGTAACTGAAGTCCCATATCAAGTGAATAAAGCACGTATGATTGAAAAAATTGCTGAATTAGCACGTGATAAAAAAATTGAGGGTATTACAGATTTACGTGACGAAACAAGTTTACGTACAGGTGTACGTGTTGTTATTGATATTCGTAAAGATGCAAATGCAAGTGTCGTACTAAATAATTTATATAAACAAACACCATTACAAACATCATTTGGTGTGAATATGATTGCTTTAGTTAACGGCAGACCTAAATTAATTTCACTAAAAGAAGCTTTAGAAGAATACTTAGAGCA,AT-rich default parameters,70,4,20,25,18,25,18,25,15,25,60,63,55,58,55,58,64,66,30,65,40,65,-4,-4,-2,-2.5,-3.5,120,160,40,60,0,60,0,100,3,10,3,10,1000
TATCGTTGTAACTGAAGTCCCATATCAAGTGAATAAAGCACGTATGATTGAAAAAATTGCTGAATTAGCACGTGATAAAAAAATTGAGGGTATTACAGATTTACGTGACGAAACAAGTTTACGTACAGGTGTACGTGTTGTTATTGATATTCGTAAAGATGCAAATGCAAGTGTCGTACTAAATAATTTATATAAACAAACACCATTACAAACATCATTTGGTGTGAATATGATTGCTTTAGTTAACGGCAGACCTAAATTAATTTCACTAAAAGAAGCTTTAGAAGAATACTTAGAGCATCAAAAAGTAGTAGTACGTAGACGTACAGAATATAACTTGAAGAAAGCATTAGATCGCGCGCATATTTTAGAAGGACTAAGAATTGCATTAGATCACATCGATGAAATCATTCGAGTAATTCGTGAATCAGAAACTGATAAAGTAGCGATGGCTAGCTTACAAGAACAATTTAAATTATCTGAACGTCAAGCTCAAGCTATCTTAGACATGCGTTTAAGACGTTTAACAGGTTTAGAGCGAGATAAGATT,AT-rich default parameters,70,6,20,25,18,25,18,25,15,25,60,63,55,58,55,58,64,66,30,65,40,65,-4,-4,-2,-2.5,-3.5,120,160,40,60,0,60,0,100,3,10,3,10,1000
AGACCTAAATTAATTTCACTAAAAGAAGCTTTAGAAGAATACTTAGAGCATCAAAAAGTAGTAGTACGTAGACGTACAGAATATAACTTGAAGAAAGCATTAGATCGCGCGCATATTTTAGAAGGACTAAGAATTGCATTAGATCACATCGATGAAATCATTCGAGTAATTCGTGAATCAGAAACTGATAAAGTAGCGATGGCTAGCTTACAAGAACAATTTAAATTATCTGAACGTCAAGCTCAAGCTATCTTAGACATGCGTTTAAGACGTTTAACAGGTTTAGAGCGAGATAAGATTGAAGCTGAATATATTGAATTAATTGCTTATATTGAGGAATTAAAAGAGATTCTTGCTGATGAAGAAAAGTTATTACAAATCGTCCGCAATGAATTAATTGATATACGTGAACGCTATGGTGATGAACGTAGATCTGAAATTCAGCTTGGCGGACTAGACGATATTGAAGATGAAGACTTGATACCTGAAGAACAAATCGTGATTACATTAAGTCACAATAACTATATTAAACGTTTACCAGTTTCTACAT,AT-rich default parameters,70,8,20,25,18,25,18,25,15,25,60,63,55,58,55,58,64,66,30,65,40,65,-4,-4,-2,-2.5,-3.5,120,160,40,60,0,60,0,100,3,10,3,10,1000
TCTTAGACATGCGTTTAAGACGTTTAACAGGTTTAGAGCGAGATAAGATTGAAGCTGAATATATTGAATTAATTGCTTATATTGAGGAATTAAAAGAGATTCTTGCTGATGAAGAAAAGTTATTACAAATCGTCCGCAATGAATTAATTGATATACGTGAACGCTATGGTGATGAACGTAGATCTGAAATTCAGCTTGGCGGACTAGACGATATTGAAGATGAAGACTTGATACCTGAAGAACAAATCGTGATTACATTAAGTCACAATAACTATATTAAACGTTTACCAGTTTCTACATATAGAGCACAACATCGTGGTGGGCGTGGCGTACAAGGTATGAATACACTTGAGGAAGACTTTGTTAGTCAACTCGTAACGTTAAGTACACATGACAACGTCTTGTTCTTCACTAATAAAGGACGCGTTTACAAACTTAAAGGTTATGAAGTGCCTGAACTATCACGTCAGTCTAAAGGTATCCCAGTAGTCAACGCGATTGAACTGGATAATGACGAATCAATCAGTACTATGATTGCCGTTAAAGACTT,AT-rich default parameters,120,2,20,25,18,25,18,25,15,25,60,63,55,58,55,58,64,66,30,65,40,65,-4,-4,-2,-2.5,-3.5,120,160,40,60,0,60,0,100,3,10,3,10,1000
GATTACATTAAGTCACAATAACTATATTAAACGTTTACCAGTTTCTACATATAGAGCACAACATCGTGGTGGGCGTGGCGTACAAGGTATGAATACACTTGAGGAAGACTTTGTTAGTCAACTCGTAACGTTAAGTACACATGACAACGTCTTGTTCTTCACTAATAAAGGACGCGTTTACAAACTTAAAGGTTATGAAGTGCCTGAACTATCACGTCAGTCTAAAGGTATCCCAGTAGTCAACGCGATTGAACTGGATAATGACGAATCAATCAGTACTATGATTGCCGTTAAAGACTTAGAAAGTGAAGATGATTACTTAGTATTTGCAACACGCAAAGGTAGAGTGAAGCGTTCTGCATTAAGCAACTTCTCTCATATTAATAAAAACGGTAAGATTGCTATCAGCTTCAAAAATGATGATGAACTGATTGCTGTTCGTCTCACTGATGGAGAGCAAGACATTCTGATTGGTACATCTCATGCATCATTAATACGCTTTAACGAAACAACGTTGCGTCCGCTTGGTCGTACAGCAGCAGGAGTTAAA,AT-rich default parameters,120,4,20,25,18,25,18,25,15,25,60,63,55,58,55,58,64,66,30,65,40,65,-4,-4,-2,-2.5,-3.5,120,160,40,60,0,60,0,100,3,10,3,10,1000
GAACTGGATAATGACGAATCAATCAGTACTATGATTGCCGTTAAAGACTTAGAAAGTGAAGATGATTACTTAGTATTTGCAACACGCAAAGGTAGAGTGAAGCGTTCTGCATTAAGCAACTTCTCTCATATTAATAAAAACGGTAAGATTGCTATCAGCTTCAAAAATGATGATGAACTGATTGCTGTTCGTCTCACTGATGGAGAGCAAGACATTCTGATTGGTACATCTCATGCATCATTAATACGCTTTAACGAAACAACGTTGCGTCCGCTTGGTCGTACAGCAGCAGGAGTTAAAGGTATTACACTTAGAGAAGATGATAAAGTTATCGGTTTAGATGTTACAAATGCTGAAAGCGATGAAGAAATTCTAGTCGTTACTGAAAATGGATATGGTAAGCGTACACCAGTTGGTGATTATAGATTATCAAACCGTGGCGGTAAAGGTATAAAAACAGCTACAATTACTGAGCGTAACGGTAACATTGTATGTATTACTTCAGTAACTGGAGAAGAAGACCTGATGGTTGTAACAAACTCAGGTGTCA,AT-rich default parameters,120,6,20,25,18,25,18,25,15,25,60,63,55,58,55,58,64,66,30,65,40,65,-4,-4,-2,-2.5,-3.5,120,160,40,60,0,60,0,100,3,10,3,10,1000
TTAACGAAACAACGTTGCGTCCGCTTGGTCGTACAGCAGCAGGAGTTAAAGGTATTACACTTAGAGAAGATGATAAAGTTATCGGTTTAGATGTTACAAATGCTGAAAGCGATGAAGAAATTCTAGTCGTTACTGAAAATGGATATGGTAAGCGTACACCAGTTGGTGATTATAGATTATCAAACCGTGGCGGTAAAGGTATAAAAACAGCTACAATTACTGAGCGTAACGGTAACATTGTATGTATTACTTCAGTAACTGGAGAAGAAGACCTGATGGTTGTAACAAACTCAGGTGTCATTATCCGTATTGATGTAGAAGATATCTCGCAAAATGGCCGTGCTGCACAAGGTGTAAGATTGATTAAATTAGGTGAAAATCAATTTGTATCAACAGTAGCTAAAGTAAATGAAGAAGATGAGATTACTGAAGATGATGAATCAACTGAAGCTATAGCATCTGATGTAGACAATGCCAATGCATCACAAACTGATTTGCAAGGTTCACAAAACAGTGAAGCGGTTGTAGAAGATGGTGCGCCTGGAGATGC,AT-rich default parameters,120,8,20,25,18,25,18,25,15,25,60,63,55,58,55,58,64,66,30,65,40,65,-4,-4,-2,-2.5,-3.5,120,160,40,60,0,60,0,100,3,10,3,10,1000
TTCAGTAACTGGAGAAGAAGACCTGATGGTTGTAACAAACTCAGGTGTCATTATCCGTATTGATGTAGAAGATATCTCGCAAAATGGCCGTGCTGCACAAGGTGTAAGATTGATTAAATTAGGTGAAAATCAATTTGTATCAACAGTAGCTAAAGTAAATGAAGAAGATGAGATTACTGAAGATGATGAATCAACTGAAGCTATAGCATCTGATGTAGACAATGCCAATGCATCACAAACTGATTTGCAAGGTTCACAAAACAGTGAAGCGGTTGTAGAAGATGGTGCGCCTGGAGATGCAATACACACAGAAGTTGAAGACGAGGAAAATACGTCAAGCAATGATGAGCGACAAGAAGTAAGACAAGACTTCATGGATCGTGTTAATGAAGATATAGATAACGCGGATCATGAAACTGATGAAAATAACGAAGAAGAATAATAATTCTAACTAAAAGACCTACCTCATATGAGGTAGGTCTTTTTATATTATTTATTTTCTAATGATTTCATAGCAATTGGAATTTCACTAATGAGTCTAGAAGGTGGA,AT-rich default parameters,170,2,20,25,18,25,18,25,15,25,60,63,55,58,55,58,64,66,30,65,40,65,-4,-4,-2,-2.5,-3.5,120,160,40,60,0,60,0,100,3,10,3,10,1000
GGTTCACAAAACAGTGAAGCGGTTGTAGAAGATGGTGCGCCTGGAGATGCAATACACACAGAAGTTGAAGACGAGGAAAATACGTCAAGCAATGATGAGCGACAAGAAGTAAGACAAGACTTCATGGATCGTGTTAATGAAGATATAGATAACGCGGATCATGAAACTGATGAAAATAACGAAGAAGAATAATAATTCTAACTAAAAGACCTACCTCATATGAGGTAGGTCTTTTTATATTATTTATTTTCTAATGATTTCATAGCAATTGGAATTTCACTAATGAGTCTAGAAGGTGGAACGACATACATCTTTTCAGCTAATTGTTCACCAATAAAACTGTGCGTATATGTCGCACTTGTAACAGCTTCTTCAATATCATTAAATTGTCCAACAAAGCTAGTTATCATACCAGATAAAGTATCACCCATGCCTCCAGTGGCCATGGCTGGTGTACCAATAGGTAGTTTGTAATCTTTATCTTTAAAGTAAAGTTCTGTACCGTGCATCTTCAGTATAATTGTTGCACCAATACGATCTACCGCTTCAC,AT-rich default parameters,170,4,20,25,18,25,18,25,15,25,60,63,55,58,55,58,64,66,30,65,40,65,-4,-4,-2,-2.5,-3.5,120,160,40,60,0,60,0,100,3,10,3,10,1000
CTAATGATTTCATAGCAATTGGAATTTCACTAATGAGTCTAGAAGGTGGAACGACATACATCTTTTCAGCTAATTGTTCACCAATAAAACTGTGCGTATATGTCGCACTTGTAACAGCTTCTTCAATATCATTAAATTGTCCAACAAAGCTAGTTATCATACCAGATAAAGTATCACCCATGCCTCCAGTGGCCATGGCTGGTGTACCAATAGGTAGTTTGTAATCTTTATCTTTAAAGTAAAGTTCTGTACCGTGCATCTTCAGTATAATTGTTGCACCAATACGATCTACCGCTTCACGATTACGCTCATATGTTTGTTCCTCTATTGGAATACCACTTAAACGTTCCCATTCTTTTTGATGTGGTGTAAATACGACTTTACAAGTTGGAATCTCAGGTTTCAATTTACTGAAAATCGTAATAGCATCACCATCTACAATTAGAGTTTGATGAGGTTGTATATTTTGAAGTAGGAAAGTAATAGCATTATTACCTTTAAAATCACAACCCAGTCCTGGACCGATTAAAATACAATCTGTGTTTTCAAT,AT-rich default parameters,170,6,20,25,18,25,18,25,15,25,60,63,55,58,55,58,64,66,30,65,40,65,-4,-4,-2,-2.5,-3.5,120,160,40,60,0,60,0,100,3,10,3,10,1000
ACCGTGCATCTTCAGTATAATTGTTGCACCAATACGATCTACCGCTTCACGATTACGCTCATATGTTTGTTCCTCTATTGGAATACCACTTAAACGTTCCCATTCTTTTTGATGTGGTGTAAATACGACTTTACAAGTTGGAATCTCAGGTTTCAATTTACTGAAAATCGTAATAGCATCACCATCTACAATTAGAGTTTGATGAGGTTGTATATTTTGAAGTAGGAAAGTAATAGCATTATTACCTTTAAAATCACAACCCAGTCCTGGACCGATTAAAATACAATCTGTGTTTTCAATCATTTTTGTTAACATTTTTGTATCGTTTATATCGATTACCATTGCCTCAGGACAGCGTGAATGCAAAGCAGCATGATTTGTAGGATGCGTTGCTACTGTTATTAAACCACTACCACTGTATACACATGCTCGTGCTGCAAGCATGATTGCACCACCTAAGTTCGCATTACCACCAATTAAAAGAATTCTACCATAATCGCCTTTATGTGTTTCATCTTTACGTTTTGGGATGCTTACAGATGATAAAGTT,AT-rich default parameters,170,8,20,25,18,25,18,25,15,25,60,63,55,58,55,58,64,66,30,65,40,65,-4,-4,-2,-2.5,-3.5,120,160,40,60,0,60,0,100,3,10,3,10,1000
AAATCACAACCCAGTCCTGGACCGATTAAAATACAATCTGTGTTTTCAATCATTTTTGTTAACATTTTTGTATCGTTTATATCGATTACCATTGCCTCAGGACAGCGTGAATGCAAAGCAGCATGATTTGTAGGATGCGTTGCTACTGTTATTAAACCACTACCACTGTATACACATGCTCGTGCTGCAAGCATGATTGCACCACCTAAGTTCGCATTACCACCAATTAAAAGAATTCTACCATAATCGCCTTTATGTGTTTCATCTTTACGTTTTGGGATGCTTACAGATGATAAAGTTTCCATATTGAAACCCCCTTCTTAAATTACTAAATGTGTGTAAATTTCTGTATTTTAATAAAGAAAATTAACTGGCTAACATATTATAACGGTTCTGCTTTTATTAGTGATTATAAAAATTGCAGAATTATTTGTATTTCAGTTACTTTTCCTTTGTTTTCGTAATAGGAATTATAAATACAATAAGAAATATTATACCTGGTTGTCCTATTAGTCAATAGTTAAAAGCGTTAAGAAATTATTAATTTTAA,AT-rich default parameters,220,2,20,25,18,25,18,25,15,25,60,63,55,58,55,58,64,66,30,65,40,65,-4,-4,-2,-2.5,-3.5,120,160,40,60,0,60,0,100,3,10,3,10,1000
CTTTATGTGTTTCATCTTTACGTTTTGGGATGCTTACAGATGATAAAGTTTCCATATTGAAACCCCCTTCTTAAATTACTAAATGTGTGTAAATTTCTGTATTTTAATAAAGAAAATTAACTGGCTAACATATTATAACGGTTCTGCTTTTATTAGTGATTATAAAAATTGCAGAATTATTTGTATTTCAGTTACTTTTCCTTTGTTTTCGTAATAGGAATTATAAATACAATAAGAAATATTATACCTGGTTGTCCTATTAGTCAATAGTTAAAAGCGTTAAGAAATTATTAATTTTAATAAACTTATTTTTATTACAGCTTTATCCCATTAAAACAGTAATTTAATACCATGTTACGGATATTGGTTAAGCTATTGTTTGGGTGAAAATGTAAGCGTATACTCAAAATAATTAGAGAAAATTATTAAACAAGGAGATGGGGAAATGACATTACAACTTAATGGAGAAACGTTAACAATTAATGATATTAAACAGTTTTTAAATAGAGAAGATAAGGTAGAAGTTACGGAAGATGCATTTGAACGTGTG,AT-rich default parameters,220,4,20,25,18,25,18,25,15,25,60,63,55,58,55,58,64,66,30,65,40,65,-4,-4,-2,-2.5,-3.5,120,160,40,60,0,60,0,100,3,10,3,10,1000
GTTGTCCTATTAGTCAATAGTTAAAAGCGTTAAGAAATTATTAATTTTAATAAACTTATTTTTATTACAGCTTTATCCCATTAAAACAGTAATTTAATACCATGTTACGGATATTGGTTAAGCTATTGTTTGGGTGAAAATGTAAGCGTATACTCAAAATAATTAGAGAAAATTATTAAACAAGGAGATGGGGAAATGACATTACAACTTAATGGAGAAACGTTAACAATTAATGATATTAAACAGTTTTTAAATAGAGAAGATAAGGTAGAAGTTACGGAAGATGCATTTGAACGTGTGAAAAAGAGTCGCCAAACAGTAGAAGATATCATAGAGAATAAAGAAACAATTTATGGAATTACAACCGGTTTTGGTTTATTTAGTGATGTACGTATAGACGAAGGAGAATACAACCAATTACAAGTCAATTTAATTCGTTCACACGCATGTGGTATAGGTAAACCATTTTCAGAAGAAGTGGCATTAGTGATGATGGTATTAAGATTGAATACATTATTAAAAGGACATTCTGGTGCAACCATAGATTTAG,AT-rich default parameters,220,6,20,25,18,25,18,25,15,25,60,63,55,58,55,58,64,66,30,65,40,65,-4,-4,-2,-2.5,-3.5,120,160,40,60,0,60,0,100,3,10,3,10,1000
TAAATAGAGAAGATAAGGTAGAAGTTACGGAAGATGCATTTGAACGTGTGAAAAAGAGTCGCCAAACAGTAGAAGATATCATAGAGAATAAAGAAACAATTTATGGAATTACAACCGGTTTTGGTTTATTTAGTGATGTACGTATAGACGAAGGAGAATACAACCAATTACAAGTCAATTTAATTCGTTCACACGCATGTGGTATAGGTAAACCATTTTCAGAAGAAGTGGCATTAGTGATGATGGTATTAAGATTGAATACATTATTAAAAGGACATTCTGGTGCAACCATAGATTTAGTAAAACAACTGGTTTATTACATCAATCAAAGGATTATACCTGTTATTCCGCAACAAGGTTCATTAGGTGCTTCTGGAGATTTAGCGCCACTATCGCACTTGGCTTTGGCCCTAATAGGAGAAGGTAATGTCTTTTATAAAGGTGAAGAAGTAGACAGCCGGTATGTCTTAAATCAGTTAAACCACAAAGCATTAGAGTTACAAGCCAAAGAAGGTCTTGCGTTGATTAATGGTACACAAGCCATGACTGC,AT-rich default parameters,220,8,20,25,18,25,18,25,15,25,60,63,55,58,55,58,64,66,30,65,40,65,-4,-4,-2,-2.5,-3.5,120,160,40,60,0,60,0,100,3,10,3,10,1000
AAGATTGAATACATTATTAAAAGGACATTCTGGTGCAACCATAGATTTAGTAAAACAACTGGTTTATTACATCAATCAAAGGATTATACCTGTTATTCCGCAACAAGGTTCATTAGGTGCTTCTGGAGATTTAGCGCCACTATCGCACTTGGCTTTGGCCCTAATAGGAGAAGGTAATGTCTTTTATAAAGGTGAAGAAGTAGACAGCCGGTATGTCTTAAATCAGTTAAACCACAAAGCATTAGAGTTACAAGCCAAAGAAGGTCTTGCGTTGATTAATGGTACACAAGCCATGACTGCTCAAGGTGTTATTAATTATATTGAAGCGGAAGACTTAGGTTATCAGGCGGAATGGATTGCCTCCCTTACACACCAAGCTTTAAATGGTATTACAGATGCCTATAATGAAAAGGTACATAAAGTTCGTAATTTCCAAGAACAAATAGATGTTGCGGCGAGAATGTTAGATTGGTTGGAAGGTTCAGAATTGACCACTACTCAAGGTGAAATACGTGTACAAGATGCATATACTTTGCGCTGTATACCTCAA,AT-rich default parameters,270,2,20,25,18,25,18,25,15,25,60,63,55,58,55,58,64,66,30,65,40,65,-4,-4,-2,-2.5,-3.5,120,160,40,60,0,60,0,100,3,10,3,10,1000
CAAGCCAAAGAAGGTCTTGCGTTGATTAATGGTACACAAGCCATGACTGCTCAAGGTGTTATTAATTATATTGAAGCGGAAGACTTAGGTTATCAGGCGGAATGGATTGCCTCCCTTACACACCAAGCTTTAAATGGTATTACAGATGCCTATAATGAAAAGGTACATAAAGTTCGTAATTTCCAAGAACAAATAGATGTTGCGGCGAGAATGTTAGATTGGTTGGAAGGTTCAGAATTGACCACTACTCAAGGTGAAATACGTGTACAAGATGCATATACTTTGCGCTGTATACCTCAAATTCATGGTGCTAGCTTCCAAGTATTCAATTATGTAAAGGAAAAATTAGAGTTTGAAATGAATGCTGCAAATGATAACCCACTTATATTTGATGAAGATGATGAAACACTTGTTATCTCAGGAGGGAATTTCCATGGTCAACCTATAGCGTTTGCCTTAGACTTTTTAAAACTAGGTGTAAGTGAATTAGCGAACGTTTCAGAGCGACGCCTAGAGCGCTTGGTAAATCCTCAATTAAATAATGGACTAC,AT-rich default parameters,270,4,20,25,18,25,18,25,15,25,60,63,55,58,55,58,64,66,30,65,40,65,-4,-4,-2,-2.5,-3.5,120,160,40,60,0,60,0,100,3,10,3,10,1000
AGAGCGACGCCTAGAGCGCTTGGTAAATCCTCAATTAAATAATGGACTACCTGCCTTTTTAAGTCCTCAACCTGGATTACAAAGTGGTGCAATGATTATGCAGTATGCTGCAGCAAGTCTTGTTTCAGAAAATAAAACACTCGCTCATCCAGCAAGTGTAGATTCTATACCGTCTTCTGCAAATCAAGAAGATCATGTTTCCATGGGGACTATAGCTTCAAGACATGGTTATCAAATGATTGAAAATGCTCGTCGTGTATTGGCCATTGAAACAATCATTGCTCTGCAAGCTGTAGAATATAAAGATATTGATAAGTTATCACCTAAGACGTATGAAAAATATCAAGAACTACGTCATATTGTGCCATCTATCACAGAAGATAGACAATTTCATAAAGATATTGAAGCAGTATCACAATATTTACGCGATGTTGCTTATATGGACGAGATATAAGCGACATAAATACTATCACTCTTGAAAAAAATGATGTTATTTGCTATATTTAATTTAACTTAATAAATTATTGTTCGTAGGATAAGTAGTGTTAAT,AT-rich default parameters,270,8,20,25,18,25,18,25,15,25,60,63,55,58,55,58,64,66,30,65,40,65,-4,-4,-2,-2.5,-3.5,120,160,40,60,0,60,0,100,3,10,3,10,1000
CGTCGTGTATTGGCCATTGAAACAATCATTGCTCTGCAAGCTGTAGAATATAAAGATATTGATAAGTTATCACCTAAGACGTATGAAAAATATCAAGAACTACGTCATATTGTGCCATCTATCACAGAAGATAGACAATTTCATAAAGATATTGAAGCAGTATCACAATATTTACGCGATGTTGCTTATATGGACGAGATATAAGCGACATAAATACTATCACTCTTGAAAAAAATGATGTTATTTGCTATATTTAATTTAACTTAATAAATTATTGTTCGTAGGATAAGTAGTGTTAATTTTTCGGTTTCAGAGAGCCTGTGTTGAGTGTGAACAGGTAGCCAAGGTTAATGTGAATCTACCTACTATAAGTGAACAACCGGATTTAACCGTTATTATTGTGAGAGTGCAGTCTAATTTTAGACTGTTAAATAGGGTGGCAACACGTAGACCACGTCCCTTGTAGAGGGATGTGGTCTTTTTTGCGTGTTTATCCCAAATTTTAAAAATTGAAAGGATGGATGAAGTTATGTTAGATATTAAGTTATTT,GC-rich default parameters,20,2,15,22,15,20,15,20,15,25,64,68,59,63,59,63,64,66,40,70,40,65,-4,-4,-2,-2.5,-3.5,120,160,40,60,0,60,0,100,3,10,3,10,1000
TATTTAATTTAACTTAATAAATTATTGTTCGTAGGATAAGTAGTGTTAATTTTTCGGTTTCAGAGAGCCTGTGTTGAGTGTGAACAGGTAGCCAAGGTTAATGTGAATCTACCTACTATAAGTGAACAACCGGATTTAACCGTTATTATTGTGAGAGTGCAGTCTAATTTTAGACTGTTAAATAGGGTGGCAACACGTAGACCACGTCCCTTGTAGAGGGATGTGGTCTTTTTTGCGTGTTTATCCCAAATTTTAAAAATTGAAAGGATGGATGAAGTTATGTTAGATATTAAGTTATTTCGTAATGACCCTGATTTCGTTAAAGAAAAAGTAGCTAAGCGTGGTATGGAAGATACAGTAGTAGATGAAGTGCTAGAATTAGATGAACAGCGTCGTCAGTTAATTAGTAAAGCTGAAGAAATGAAAGCTGAACGTAATAAAGTTAGTGGTGAAATTGCTCAGAAGAAACGCAATAAAGAAGATGCTGATGATGCAATCGCAGCAATGCGTAAACTTGGTGATGAAATTAAAGTTTTAGATGACACACTTA,GC-rich default parameters,20,4,15,22,15,20,15,20,15,25,64,68,59,63,59,63,64,66,40,70,40,65,-4,-4,-2,-2.5,-3.5,120,160,40,60,0,60,0,100,3,10,3,10,1000
TTTTAAAAATTGAAAGGATGGATGAAGTTATGTTAGATATTAAGTTATTTCGTAATGACCCTGATTTCGTTAAAGAAAAAGTAGCTAAGCGTGGTATGGAAGATACAGTAGTAGATGAAGTGCTAGAATTAGATGAACAGCGTCGTCAGTTAATTAGTAAAGCTGAAGAAATGAAAGCTGAACGTAATAAAGTTAGTGGTGAAATTGCTCAGAAGAAACGCAATAAAGAAGATGCTGATGATGCAATCGCAGCAATGCGTAAACTTGGTGATGAAATTAAAGTTTTAGATGACACACTTAATCAAGTTGATGTGGATCTTAATGATAAATTATCACGTATTCCAAATATTATTCATGATGATGTGCCTGAAGGAGCTACAGACGAAGATAACGTAGAAGTTAAACGTTGGGGGACACCAAGAACATTTGATTTTGAAGAAAAAGCGCATTGGGATTTAGTAGAAGAATTAAAAATGGTTAATTTTGAACGTGCAGCTAAAGTATCTGGAGCTAGATTCGTCTTCTTAACAGGCGAAGGTGCACAATTAGA,GC-rich default parameters,20,6,15,22,15,20,15,20,15,25,64,68,59,63,59,63,64,66,40,70,40,65,-4,-4,-2,-2.5,-3.5,120,160,40,60,0,60,0,100,3,10,3,10,1000
AGCAATGCGTAAACTTGGTGATGAAATTAAAGTTTTAGATGACACACTTAATCAAGTTGATGTGGATCTTAATGATAAATTATCACGTATTCCAAATATTATTCATGATGATGTGCCTGAAGGAGCTACAGACGAAGATAACGTAGAAGTTAAACGTTGGGGGACACCAAGAACATTTGATTTTGAAGAAAAAGCGCATTGGGATTTAGTAGAAGAATTAAAAATGGTTAATTTTGAACGTGCAGCTAAAGTATCTGGAGCTAGATTCGTCTTCTTAACAGGCGAAGGTGCACAATTAGAAAGAGCATTAATGAACTATATGATTACGAAACATACAACGCAACATGGTTATACAGAAATGATGGTACCACAATTAGTTAACGCTGATTCAATGTATGGTACTGGTCAATTACCTAAGTTTGAAGAAGACTTGTTTAAAGTTGAAAAAGAAGGACTATATACTATACCAACAGCAGAGGTACCGCTGACAAATTATTACCGTAACGAGATTATCGGACCGGATGAATTGCCAGCTAAATTCACTGCCCAA,GC-rich default parameters,20,8,15,22,15,20,15,20,15,25,64,68,59,63,59,63,64,66,40,70,40,65,-4,-4,-2,-2.5,-3.5,120,160,40,60,0,60,0,100,3,10,3,10,1000
GTATCTGGAGCTAGATTCGTCTTCTTAACAGGCGAAGGTGCACAATTAGAAAGAGCATTAATGAACTATATGATTACGAAACATACAACGCAACATGGTTATACAGAAATGATGGTACCACAATTAGTTAACGCTGATTCAATGTATGGTACTGGTCAATTACCTAAGTTTGAAGAAGACTTGTTTAAAGTTGAAAAAGAAGGACTATATACTATACCAACAGCAGAGGTACCGCTGACAAATTATTACCGTAACGAGATTATCGGACCGGATGAATTGCCAGCTAAATTCACTGCCCAATCAGCGTGCTATCGTAGTGAAGCGGGATCAGCTGGTCGTGATACGAGAGGTCTTATCCGTTTACATCAATTCGATAAAGTGGAAATGGTTCGTTTTGAAAAGCCAGAAGATTCTTGGCAGGCTCTAGATGAGATGACTGAACATGCAGAAGCAATTTTAGAAGAATTAGGCTTACCGTATCGCCGTGTTATTTTATGTACAGGTGATATTGGTTTTGGTTCAAGTAAAACTTATGATTTAGAAGTTTGGT,GC-rich default parameters,70,2,15,22,15,20,15,20,15,25,64,68,59,63,59,63,64,66,40,70,40,65,-4,-4,-2,-2.5,-3.5,120,160,40,60,0,60,0,100,3,10,3,10,1000
GTAACGAGATTATCGGACCGGATGAATTGCCAGCTAAATTCACTGCCCAATCAGCGTGCTATCGTAGTGAAGCGGGATCAGCTGGTCGTGATACGAGAGGTCTTATCCGTTTACATCAATTCGATAAAGTGGAAATGGTTCGTTTTGAAAAGCCAGAAGATTCTTGGCAGGCTCTAGATGAGATGACTGAACATGCAGAAGCAATTTTAGAAGAATTAGGCTTACCGTATCGCCGTGTTATTTTATGTACAGGTGATATTGGTTTTGGTTCAAGTAAAACTTATGATTTAGAAGTTTGGTTGCCAAGCTATAATGAATATAAAGAAATAAGTTCTTGTTCAAATATTACTGATTTCCAAGCACGTCGTTCAAATATTCGTTTTAAACGTGATAAAAATGCTAAACCAGAATTAGCACATACGCTTAATGGTAGTGGCTTAGCAGTAGGACGTACGTTTGCTGCAATAGTTGAAAATTACCAAAATGAAGATGGTTCTGTAACAATACCAGAAGCATTAGTTCCATATATGGGTGGTAAAACAGTCATCCG,GC-rich default parameters,70,4,15,22,15,20,15,20,15,25,64,68,59,63,59,63,64,66,40,70,40,65,-4,-4,-2,-2.5,-3.5,120,160,40,60,0,60,0,100,3,10,3,10,1000
AGGTGATATTGGTTTTGGTTCAAGTAAAACTTATGATTTAGAAGTTTGGTTGCCAAGCTATAATGAATATAAAGAAATAAGTTCTTGTTCAAATATTACTGATTTCCAAGCACGTCGTTCAAATATTCGTTTTAAACGTGATAAAAATGCTAAACCAGAATTAGCACATACGCTTAATGGTAGTGGCTTAGCAGTAGGACGTACGTTTGCTGCAATAGTTGAAAATTACCAAAATGAAGATGGTTCTGTAACAATACCAGAAGCATTAGTTCCATATATGGGTGGTAAAACAGTCATCCGTCCTATTAAATAAATGTAAATAGTTAAAAAGTGCGTAGTTAAAGTATTAGCTACGCACTTTTTTATATATAAGGAGAGGGTAGGGGAGGGTGAAAGTAGTGTGATTTAACTATTAGAAACACATAAAATCTTTACTATTAAAGTAGTTAATTTGGGTGGAAATACTAAGTTATTCAAGGGATGTCTAACATATAACACGAAATTATGAAATAGAATAAGTACTGGTTTCACAACTTTCTAAGACTTCCGT,GC-rich default parameters,70,6,15,22,15,20,15,20,15,25,64,68,59,63,59,63,64,66,40,70,40,65,-4,-4,-2,-2.5,-3.5,120,160,40,60,0,60,0,100,3,10,3,10,1000
ACAATACCAGAAGCATTAGTTCCATATATGGGTGGTAAAACAGTCATCCGTCCTATTAAATAAATGTAAATAGTTAAAAAGTGCGTAGTTAAAGTATTAGCTACGCACTTTTTTATATATAAGGAGAGGGTAGGGGAGGGTGAAAGTAGTGTGATTTAACTATTAGAAACACATAAAATCTTTACTATTAAAGTAGTTAATTTGGGTGGAAATACTAAGTTATTCAAGGGATGTCTAACATATAACACGAAATTATGAAATAGAATAAGTACTGGTTTCACAACTTTCTAAGACTTCCGTAAGTATAACGTCACACAAACCGTTGTCTAAAAACATTGATTGTCTTTCTATTGTTGTATTAGAATGAATTTACTGTTTTTAGCGTTTGAGATGAGAGGGTGGGAAAATGGGAAATGAGGCACACGTAACTTTTAAACAAGGTGTAAAAGAGTGTATTCCTACTTTGTTAGGTTATGCTGGTGTTGGTCTGTCTTTTGGAATTGTTGCAGTAGCCTCGGGCTTTAGCATGTTGGAAATTATTTTGCTTTGC,GC-rich default parameters,70,8,15,22,15,20,15,20,15,25,64,68,59,63,59,63,64,66,40,70,40,65,-4,-4,-2,-2.5,-3.5,120,160,40,60,0,60,0,100,3,10,3,10,1000
AATTATGAAATAGAATAAGTACTGGTTTCACAACTTTCTAAGACTTCCGTAAGTATAACGTCACACAAACCGTTGTCTAAAAACATTGATTGTCTTTCTATTGTTGTATTAGAATGAATTTACTGTTTTTAGCGTTTGAGATGAGAGGGTGGGAAAATGGGAAATGAGGCACACGTAACTTTTAAACAAGGTGTAAAAGAGTGTATTCCTACTTTGTTAGGTTATGCTGGTGTTGGTCTGTCTTTTGGAATTGTTGCAGTAGCCTCGGGCTTTAGCATGTTGGAAATTATTTTGCTTTGCTTGTTAGTGTATGCGGGTGCGGCACAGTTTATTATTTGTGCACTTGTTATTTCAGGCACGCCCATATCTGCAATTATATTGACGACGTTTATTGTAAACTCAAGAATGTTTTTATTGAGTATGACACTTGCGCCAAGTTATAAAAATTATAGTTTATTAAATAGAATTGGTCTTTCTACATTAGTAACTGATGAAACATTTGGTGTAGCCATTACGCCACATTTAAAAGGTGAAAAGATTAATGATCGTT,GC-rich default parameters,120,2,15,22,15,20,15,20,15,25,64,68,59,63,59,63,64,66,40,70,40,65,-4,-4,-2,-2.5,-3.5,120,160,40,60,0,60,0,100,3,10,3,10,1000
TTGTTGCAGTAGCCTCGGGCTTTAGCATGTTGGAAATTATTTTGCTTTGCTTGTTAGTGTATGCGGGTGCGGCACAGTTTATTATTTGTGCACTTGTTATTTCAGGCACGCCCATATCTGCAATTATATTGACGACGTTTATTGTAAACTCAAGAATGTTTTTATTGAGTATGACACTTGCGCCAAGTTATAAAAATTATAGTTTATTAAATAGAATTGGTCTTTCTACATTAGTAACTGATGAAACATTTGGTGTAGCCATTACGCCACATTTAAAAGGTGAAAAGATTAATGATCGTTGGTTGCACGGATTAAATATAACAGCATATGTTTTTTGGACATTTGCATGTATTATTGGTGCAGTCTTTGGTAAATACATACATCAACCAGAAGCACTGGGATTGGATTTTGCGATTACTGCTATGTTTATATTCTTAGCTGTCTCGCAATTTGAATCGCTTAGACGTTCAAAGATCAATACATATTTTGTATTGATTATATGTGTAATTGTAATGATGCTTAGTTTAAGTTTGTTTATGCCTTCATATTT,GC-rich default parameters,120,4,15,22,15,20,15,20,15,25,64,68,59,63,59,63,64,66,40,70,40,65,-4,-4,-2,-2.5,-3.5,120,160,40,60,0,60,0,100,3,10,3,10,1000
TGGTGTAGCCATTACGCCACATTTAAAAGGTGAAAAGATTAATGATCGTTGGTTGCACGGATTAAATATAACAGCATATGTTTTTTGGACATTTGCATGTATTATTGGTGCAGTCTTTGGTAAATACATACATCAACCAGAAGCACTGGGATTGGATTTTGCGATTACTGCTATGTTTATATTCTTAGCTGTCTCGCAATTTGAATCGCTTAGACGTTCAAAGATCAATACATATTTTGTATTGATTATATGTGTAATTGTAATGATGCTTAGTTTAAGTTTGTTTATGCCTTCATATTTAGCTATCATATTAGCTTCAACTATTGCAGCACTGATTGGGGTGGTGATGGAACGATGACAACGACGATACATATGCTAATAATTATCGTGTTATGTGGCGTGGTAACATGGCTAACACGCATTATTCCATTTATTTTGATAACTAAAATAAAGTTATCTGAACGTGTGATTAAATGGCTTTCATTTATACCGATTACATTATTTACTGCTCTAATTATCGATGGATTAATAGAACAACAAGAAGGAGTAA,GC-rich default parameters,120,6,15,22,15,20,15,20,15,25,64,68,59,63,59,63,64,66,40,70,40,65,-4,-4,-2,-2.5,-3.5,120,160,40,60,0,60,0,100,3,10,3,10,1000
TGTGTAATTGTAATGATGCTTAGTTTAAGTTTGTTTATGCCTTCATATTTAGCTATCATATTAGCTTCAACTATTGCAGCACTGATTGGGGTGGTGATGGAACGATGACAACGACGATACATATGCTAATAATTATCGTGTTATGTGGCGTGGTAACATGGCTAACACGCATTATTCCATTTATTTTGATAACTAAAATAAAGTTATCTGAACGTGTGATTAAATGGCTTTCATTTATACCGATTACATTATTTACTGCTCTAATTATCGATGGATTAATAGAACAACAAGAAGGAGTAATGGGTTATACCATCAACGTGCCATTCCTAATTACGATGCTCCCGACTATTGTCATTGCTGTGATATCACGTAGCTTAACAATTACTATACTTAGTGGCATTATTATTATGGCGATGTTACGTTGGGTATTTTAGACAATCCTATTGAAGTAAGTTATATTATCCGTTAAACTATAAATAATTAGAAAATTAAGATATTTCAGATTATATTATCATTTTAATTTTATCTCAATTTATGAGTTTATCTTTAA,GC-rich default parameters,120,8,15,22,15,20,15,20,15,25,64,68,59,63,59,63,64,66,40,70,40,65,-4,-4,-2,-2.5,-3.5,120,160,40,60,0,60,0,100,3,10,3,10,1000
ATTTACTGCTCTAATTATCGATGGATTAATAGAACAACAAGAAGGAGTAATGGGTTATACCATCAACGTGCCATTCCTAATTACGATGCTCCCGACTATTGTCATTGCTGTGATATCACGTAGCTTAACAATTACTATACTTAGTGGCATTATTATTATGGCGATGTTACGTTGGGTATTTTAGACAATCCTATTGAAGTAAGTTATATTATCCGTTAAACTATAAATAATTAGAAAATTAAGATATTTCAGATTATATTATCATTTTAATTTTATCTCAATTTATGAGTTTATCTTTAATACAATTAAAATCAAATCTTATTTCGAGAAGCTGAGGGACTTGGCCCGTGGACGCTTCAGCAACCGGCTTATAAAGTACGGTGCTAATACCATCGATACACTCGAATGATAAGTACTTTTAACTTCTTACTTATTTTTATGAGTGAGGAGTTTTTTTACTAAGTAGGAGGTAAAACATGACGAATTATACGGTTGATACATTAGAACTAGGGCCATTCACAACAGAGTCAGGTGAATTCATCTCAAACTT,GC-rich default parameters,170,2,15,22,15,20,15,20,15,25,64,68,59,63,59,63,64,66,40,70,40,65,-4,-4,-2,-2.5,-3.5,120,160,40,60,0,60,0,100,3,10,3,10,1000
AGATTATATTATCATTTTAATTTTATCTCAATTTATGAGTTTATCTTTAATACAATTAAAATCAAATCTTATTTCGAGAAGCTGAGGGACTTGGCCCGTGGACGCTTCAGCAACCGGCTTATAAAGTACGGTGCTAATACCATCGATACACTCGAATGATAAGTACTTTTAACTTCTTACTTATTTTTATGAGTGAGGAGTTTTTTTACTAAGTAGGAGGTAAAACATGACGAATTATACGGTTGATACATTAGAACTAGGGCCATTCACAACAGAGTCAGGTGAATTCATCTCAAACTTAAAGTTACGTTATGAACATGTAGGGTTAAAAGGCCAACCACTTGTAGTGGTTTGTCATGCTCTAACAGGTAATCACTTAACGTATGGTACAAATGAAAACCCTGGGTGGTGGAGAGGAATTATTGACGGCGGTTATATGCCTGTGAATGATTATCAGTTTTTGACATTTAATGTTATTGGAAGTCCTTATGGTTCAAGTTCTGCATTAACAGATGCAAACTTTCCTGAGTCACTAACGTTAAGAGATATC,GC-rich default parameters,170,4,15,22,15,20,15,20,15,25,64,68,59,63,59,63,64,66,40,70,40,65,-4,-4,-2,-2.5,-3.5,120,160,40,60,0,60,0,100,3,10,3,10,1000
TTAGAACTAGGGCCATTCACAACAGAGTCAGGTGAATTCATCTCAAACTTAAAGTTACGTTATGAACATGTAGGGTTAAAAGGCCAACCACTTGTAGTGGTTTGTCATGCTCTAACAGGTAATCACTTAACGTATGGTACAAATGAAAACCCTGGGTGGTGGAGAGGAATTATTGACGGCGGTTATATGCCTGTGAATGATTATCAGTTTTTGACATTTAATGTTATTGGAAGTCCTTATGGTTCAAGTTCTGCATTAACAGATGCAAACTTTCCTGAGTCACTAACGTTAAGAGATATCGTGCGTGCCATAGAATTAGGTATTGAAACATTAGGTTTCGAAAGGATTAATATATTAATCGGTGGTTCGTTAGGCGGCATGCAAGCAATAGAATTATTATATAATCGTAAATTTAATGTTGAAAAAGCAGTGATTCTCGCAGCTACAGATAAAACATCGTCCTACAGTCGTGCGTTTAATGAGATAGCAAGACAGGCAATTCATTTAGACAATAAAGAGGGCATGAGTATTGCAAGGCAGTTAGGATTTT,GC-rich default parameters,170,6,15,22,15,20,15,20,15,25,64,68,59,63,59,63,64,66,40,70,40,65,-4,-4,-2,-2.5,-3.5,120,160,40,60,0,60,0,100,3,10,3,10,1000
CTGCATTAACAGATGCAAACTTTCCTGAGTCACTAACGTTAAGAGATATCGTGCGTGCCATAGAATTAGGTATTGAAACATTAGGTTTCGAAAGGATTAATATATTAATCGGTGGTTCGTTAGGCGGCATGCAAGCAATAGAATTATTATATAATCGTAAATTTAATGTTGAAAAAGCAGTGATTCTCGCAGCTACAGATAAAACATCGTCCTACAGTCGTGCGTTTAATGAGATAGCAAGACAGGCAATTCATTTAGACAATAAAGAGGGCATGAGTATTGCAAGGCAGTTAGGATTTTTAACATACCGTTCGTCTAAAAGTTATGATAAACGCTTCTCTCCAAATCAAGTAGTGACTTATCAAAAACATCAAGGTAATAAATTTATGAATCATTTTGATTCTTTATGTTATTTAACACTCCTAGACGTCTTAGATAGTCATGATGTAGACAGAGGACGTAATGATGTAGATGAAGTGTTTAGTAACCTGGACACTAAAGTAATGACGATGGGCTTCACAGATGATTTGTTATATCCAGATGATTTAGT,GC-rich default parameters,170,8,15,22,15,20,15,20,15,25,64,68,59,63,59,63,64,66,40,70,40,65,-4,-4,-2,-2.5,-3.5,120,160,40,60,0,60,0,100,3,10,3,10,1000
TCATTTAGACAATAAAGAGGGCATGAGTATTGCAAGGCAGTTAGGATTTTTAACATACCGTTCGTCTAAAAGTTATGATAAACGCTTCTCTCCAAATCAAGTAGTGACTTATCAAAAACATCAAGGTAATAAATTTATGAATCATTTTGATTCTTTATGTTATTTAACACTCCTAGACGTCTTAGATAGTCATGATGTAGACAGAGGACGTAATGATGTAGATGAAGTGTTTAGTAACCTGGACACTAAAGTAATGACGATGGGCTTCACAGATGATTTGTTATATCCAGATGATTTAGTTTGTGCCGTGGGAAATCGTTTTAAATATCACAAACATTTCTTTGTCCCAGACAACGTAGGTCATGATGGTTTTTTACTGAATTTTAATGATTGGGCTCCTAATTTATATCACTTCTTAAAAGTATATAAAATTAAAAGAAAATGATTTAACAACGCTATTATATGTGTTTTTAGGATGTAACTATACGACTACTTTCGATGGGGGGAGACTGACGTATAGTACATCTTTTTTTATACAATCATTGAAGAT,GC-rich default parameters,220,2,15,22,15,20,15,20,15,25,64,68,59,63,59,63,64,66,40,70,40,65,-4,-4,-2,-2.5,-3.5,120,160,40,60,0,60,0,100,3,10,3,10,1000
GTAATGACGATGGGCTTCACAGATGATTTGTTATATCCAGATGATTTAGTTTGTGCCGTGGGAAATCGTTTTAAATATCACAAACATTTCTTTGTCCCAGACAACGTAGGTCATGATGGTTTTTTACTGAATTTTAATGATTGGGCTCCTAATTTATATCACTTCTTAAAAGTATATAAAATTAAAAGAAAATGATTTAACAACGCTATTATATGTGTTTTTAGGATGTAACTATACGACTACTTTCGATGGGGGGAGACTGACGTATAGTACATCTTTTTTTATACAATCATTGAAGATGTGGTGAAGTAAAGTGATGCTAAAGTAGTAGCGTTAGAAACGGAATATTGTGAAGTGTTGATTAGTTCAGTCATTTATACTTTTATAAATAGGAAAATTATAGTATATCGTTAACTTCTGTATTTGGATTGCCAATAATTGTATAAAAGTTTTAAAGAGGTTAAAATAATAGTTATAGTCAAAAATAGTATGGGAGTGGCGAATTTGTTTTCAAAAATATATCCTAAAGTAACTGTGCTTAGTATACTAA,GC-rich default parameters,220,4,15,22,15,20,15,20,15,25,64,68,59,63,59,63,64,66,40,70,40,65,-4,-4,-2,-2.5,-3.5,120,160,40,60,0,60,0,100,3,10,3,10,1000
GGGGGGAGACTGACGTATAGTACATCTTTTTTTATACAATCATTGAAGATGTGGTGAAGTAAAGTGATGCTAAAGTAGTAGCGTTAGAAACGGAATATTGTGAAGTGTTGATTAGTTCAGTCATTTATACTTTTATAAATAGGAAAATTATAGTATATCGTTAACTTCTGTATTTGGATTGCCAATAATTGTATAAAAGTTTTAAAGAGGTTAAAATAATAGTTATAGTCAAAAATAGTATGGGAGTGGCGAATTTGTTTTCAAAAATATATCCTAAAGTAACTGTGCTTAGTATACTAACTCTAATCGTAGTGGCTTTAGCTTTACATATATTACCTCCGTTAGGCCTGGTGTTAGGTATCTTTGCAACAATTCCAGGCATTATCTTATGGCATAAGTCTATTGAATCATTTGGTTTAACAGCAGTCATTACAGTGGTATTAACAACATTATTAGGTAATATATTTGTGTTGAGCACCATGGTCATCATACTCTTAGTGAGTTTTGTTATCGGCCAATTATTAAAAGAACGTACATCTAAAGAACGCAT,GC-rich default parameters,220,6,15,22,15,20,15,20,15,25,64,68,59,63,59,63,64,66,40,70,40,65,-4,-4,-2,-2.5,-3.5,120,160,40,60,0,60,0,100,3,10,3,10,1000
GAATTTGTTTTCAAAAATATATCCTAAAGTAACTGTGCTTAGTATACTAACTCTAATCGTAGTGGCTTTAGCTTTACATATATTACCTCCGTTAGGCCTGGTGTTAGGTATCTTTGCAACAATTCCAGGCATTATCTTATGGCATAAGTCTATTGAATCATTTGGTTTAACAGCAGTCATTACAGTGGTATTAACAACATTATTAGGTAATATATTTGTGTTGAGCACCATGGTCATCATACTCTTAGTGAGTTTTGTTATCGGCCAATTATTAAAAGAACGTACATCTAAAGAACGCATACTTTATATCACAACTACATATATTAGTATGTTCTCGTTAATTGCGTTTATGGGACTACAAACGTTTGATAAAATACCAAGTTCTACAGTTTTGATGAAACCAGTGAAAGATTACATGCATAACGTTGTTTCTGGAATTGCGGGAAGTGCAGAATATAAGCAAATGCTTGAAGAAGGCTTCCGCCAAATGTCAGTTCAGTTACCAAGTTATGTCATTATCACAGTATTTCTACTTATTTTAATCAATTTA,GC-rich default parameters,220,8,15,22,15,20,15,20,15,25,64,68,59,63,59,63,64,66,40,70,40,65,-4,-4,-2,-2.5,-3.5,120,160,40,60,0,60,0,100,3,10,3,10,1000
AGTTTTGTTATCGGCCAATTATTAAAAGAACGTACATCTAAAGAACGCATACTTTATATCACAACTACATATATTAGTATGTTCTCGTTAATTGCGTTTATGGGACTACAAACGTTTGATAAAATACCAAGTTCTACAGTTTTGATGAAACCAGTGAAAGATTACATGCATAACGTTGTTTCTGGAATTGCGGGAAGTGCAGAATATAAGCAAATGCTTGAAGAAGGCTTCCGCCAAATGTCAGTTCAGTTACCAAGTTATGTCATTATCACAGTATTTCTACTTATTTTAATCAATTTAATTATTACTTTTCCAATTTTACGTAAGTTCAAAATCGCTACACCGATATTTAAACCATTATATGCTTGGCAAATGAAGCGTTCACTATTATGGATGTATATTATTGTCTTGATTTGTGTTATGTTTGCGAGCCAACCAGGGACTTTCCAAAGTATCGTTTTAAACTTTGAAATTGTGTTATCATTATGTATGTATATTCAGGGGTTAAGTGTTATTCACTTTTTCGGAAAGGCAAAATCAATGCCAACCG,GC-rich default parameters,270,2,15,22,15,20,15,20,15,25,64,68,59,63,59,63,64,66,40,70,40,65,-4,-4,-2,-2.5,-3.5,120,160,40,60,0,60,0,100,3,10,3,10,1000
TACCAAGTTATGTCATTATCACAGTATTTCTACTTATTTTAATCAATTTAATTATTACTTTTCCAATTTTACGTAAGTTCAAAATCGCTACACCGATATTTAAACCATTATATGCTTGGCAAATGAAGCGTTCACTATTATGGATGTATATTATTGTCTTGATTTGTGTTATGTTTGCGAGCCAACCAGGGACTTTCCAAAGTATCGTTTTAAACTTTGAAATTGTGTTATCATTATGTATGTATATTCAGGGGTTAAGTGTTATTCACTTTTTCGGAAAGGCAAAATCAATGCCAACCGCACTTTCTGTGTTACTAATGGTGATAGGGACAGCTTTAATGCCATTAACACATATTGTAAGTCTCCTGGGTGTTATAGATTTGTGTATTAACTTAAAAAGTATCATTAAAAAATGATTTGAGGTGGAAGAATGAACCGTCAATCCACTAAAAAAGCGTTAGTTTTACCATTTATTATTATGGCGCTCACAGCAATTGCACTTGTAGTAGTTTGGTTTATTTTTAACCAACTCATTGCAGGCATAGCGACA,GC-rich default parameters,270,4,15,22,15,20,15,20,15,25,64,68,59,63,59,63,64,66,40,70,40,65,-4,-4,-2,-2.5,-3.5,120,160,40,60,0,60,0,100,3,10,3,10,1000
GGGGTTAAGTGTTATTCACTTTTTCGGAAAGGCAAAATCAATGCCAACCGCACTTTCTGTGTTACTAATGGTGATAGGGACAGCTTTAATGCCATTAACACATATTGTAAGTCTCCTGGGTGTTATAGATTTGTGTATTAACTTAAAAAGTATCATTAAAAAATGATTTGAGGTGGAAGAATGAACCGTCAATCCACTAAAAAAGCGTTAGTTTTACCATTTATTATTATGGCGCTCACAGCAATTGCACTTGTAGTAGTTTGGTTTATTTTTAACCAACTCATTGCAGGCATAGCGACAGTTGTATTAGTGATTATTATTGTAGGGACAGCAATAATGGTAAGACGAGCTTTACAGAAACTAGATAGCTATGTTGATAATCTAAGTGGCCATATTTCGGCAGGCAATAATATCGCAATTAAAAATTTGCCAATCGGTATGATTATCTTAGATGAAAATGAGAACATAGAGTGGATGAACAAATTTATGTCGGAACGCTTAACGCGTAATGTAATTTCCGATCCAGTTAATGAAGTATATCCTAATATCT,GC-rich default parameters,270,6,15,22,15,20,15,20,15,25,64,68,59,63,59,63,64,66,40,70,40,65,-4,-4,-2,-2.5,-3.5,120,160,40,60,0,60,0,100,3,10,3,10,1000
TTGTAGTAGTTTGGTTTATTTTTAACCAACTCATTGCAGGCATAGCGACAGTTGTATTAGTGATTATTATTGTAGGGACAGCAATAATGGTAAGACGAGCTTTACAGAAACTAGATAGCTATGTTGATAATCTAAGTGGCCATATTTCGGCAGGCAATAATATCGCAATTAAAAATTTGCCAATCGGTATGATTATCTTAGATGAAAATGAGAACATAGAGTGGATGAACAAATTTATGTCGGAACGCTTAACGCGTAATGTAATTTCCGATCCAGTTAATGAAGTATATCCTAATATCTTAAAACAGTTAGAAAAAACACAAGAAGTTGAGATTTCTGAAAATGAGTACCATTACCGCGTACGTTATTCTGAAAAAGAACATGTATTGTATTTCTTTGACATTACTGAAGAAGTACAAATAAATAAATTATATGAAGATTCTAAGCCGATTATTGCTACATTGTTCTTAGATAATTATGACGAGATTACGCAAAATATGAACGACACACAAAAATCAGAGATTAACTCAATGGTTACACGTGTGATTAG,GC-rich default parameters,270,8,15,22,15,20,15,20,15,25,64,68,59,63,59,63,64,66,40,70,40,65,-4,-4,-2,-2.5,-3.5,120,160,40,60,0,60,0,100,3,10,3,10,1000
AACGCGTAATGTAATTTCCGATCCAGTTAATGAAGTATATCCTAATATCTTAAAACAGTTAGAAAAAACACAAGAAGTTGAGATTTCTGAAAATGAGTACCATTACCGCGTACGTTATTCTGAAAAAGAACATGTATTGTATTTCTTTGACATTACTGAAGAAGTACAAATAAATAAATTATATGAAGATTCTAAGCCGATTATTGCTACATTGTTCTTAGATAATTATGACGAGATTACGCAAAATATGAACGACACACAAAAATCAGAGATTAACTCAATGGTTACACGTGTGATTAGTAGATGGGCTAGCGAACATAATATTTATTTTAAACGCTATAGCTCTGATCAATTCGTTGCTTATTTAAATCAAGATATATTAAACAATATAGAAGCAACAAACTTTAGTATTTTAAGTCAGTTGCGTGAAAAAAGCGTCGGTTACCGTGCACAATTAACCTTAAGTATTGGTGTTGGTGAAGGCTCTGAAGATTTAATAGATTTAGGGGAACTATCACAATCAGGTCTAGACTTAGCACTAGGACGTGGT,Custom parameters,20,2,15,22,15,20,15,20,15,25,64,68,59,63,59,63,64,66,40,70,40,65,-4,-4,-2,-2.5,-3.5,120,160,40,60,0,60,0,100,3,10,3,10,1000
AACGACACACAAAAATCAGAGATTAACTCAATGGTTACACGTGTGATTAGTAGATGGGCTAGCGAACATAATATTTATTTTAAACGCTATAGCTCTGATCAATTCGTTGCTTATTTAAATCAAGATATATTAAACAATATAGAAGCAACAAACTTTAGTATTTTAAGTCAGTTGCGTGAAAAAAGCGTCGGTTACCGTGCACAATTAACCTTAAGTATTGGTGTTGGTGAAGGCTCTGAAGATTTAATAGATTTAGGGGAACTATCACAATCAGGTCTAGACTTAGCACTAGGACGTGGTGGCGACCAGGTTGCTATCAAGAATATAAACGGAAATGTACGTTTCTATGGCGGTAAGACAGACCCAATGGAAAAACGTACACGTGTTAGAGCACGTGTTATATCACATGCGCTTAAAGATATTCTGATGGAAGGTGACAAAGTTATCATCATGGGACATAAACGCCCTGACTTAGATGCAATCGGTGGCGCAATTGGCGTTTCACGTTTTGCAATGATGAATAACTTAGACGCTTATATCGTCTTAAATG,Custom parameters,20,4,15,22,15,20,15,20,15,25,64,68,59,63,59,63,64,66,40,70,40,65,-4,-4,-2,-2.5,-3.5,120,160,40,60,0,60,0,100,3,10,3,10,1000
ATTTAGGGGAACTATCACAATCAGGTCTAGACTTAGCACTAGGACGTGGTGGCGACCAGGTTGCTATCAAGAATATAAACGGAAATGTACGTTTCTATGGCGGTAAGACAGACCCAATGGAAAAACGTACACGTGTTAGAGCACGTGTTATATCACATGCGCTTAAAGATATTCTGATGGAAGGTGACAAAGTTATCATCATGGGACATAAACGCCCTGACTTAGATGCAATCGGTGGCGCAATTGGCGTTTCACGTTTTGCAATGATGAATAACTTAGACGCTTATATCGTCTTAAATGATTCTGACATTGATCCAACATTACGACGTGTCATGGATGCAATAAATGAAAAACCAGAATTAAAAGACCGTTTTATCACGTCGGATGAAGCATGGGACATTATGACATCTAAGACAACATTAGTCATTGTTGATACGCATAAACCTGAAATGGTCATCGATGAGAATATTTTAAATAAAGCTAACCGTAAAGTGGTTATTGACCATCATAGACGTGGTGAAAGCTTTATTTCGAGTCCGTTACTTGTTTA,Custom parameters,20,6,15,22,15,20,15,20,15,25,64,68,59,63,59,63,64,66,40,70,40,65,-4,-4,-2,-2.5,-3.5,120,160,40,60,0,60,0,100,3,10,3,10,1000
TTCACGTTTTGCAATGATGAATAACTTAGACGCTTATATCGTCTTAAATGATTCTGACATTGATCCAACATTACGACGTGTCATGGATGCAATAAATGAAAAACCAGAATTAAAAGACCGTTTTATCACGTCGGATGAAGCATGGGACATTATGACATCTAAGACAACATTAGTCATTGTTGATACGCATAAACCTGAAATGGTCATCGATGAGAATATTTTAAATAAAGCTAACCGTAAAGTGGTTATTGACCATCATAGACGTGGTGAAAGCTTTATTTCGAGTCCGTTACTTGTTTATATGGAACCATATGCAAGTTCAACAGCAGAACTTGTCACAGAATTACTTGAGTATCAACCGACAGAACAACGTTTAACACGCTTAGAATCGACAGTCATGTTTGCTGGTATTATTATAGACACACGTAACTTTACGTTACGAACAGGTTCTAGAACATTTGATGCAGCAAGTTATTTACGTGCGCACGGTGCAGATACAATACTGACACAGCATTTCTTGAAAGATGATATAGATACGTATATCAATCGT,Custom parameters,20,8,15,22,15,20,15,20,15,25,64,68,59,63,59,63,64,66,40,70,40,65,-4,-4,-2,-2.5,-3.5,120,160,40,60,0,60,0,100,3,10,3,10,1000
GACCATCATAGACGTGGTGAAAGCTTTATTTCGAGTCCGTTACTTGTTTATATGGAACCATATGCAAGTTCAACAGCAGAACTTGTCACAGAATTACTTGAGTATCAACCGACAGAACAACGTTTAACACGCTTAGAATCGACAGTCATGTTTGCTGGTATTATTATAGACACACGTAACTTTACGTTACGAACAGGTTCTAGAACATTTGATGCAGCAAGTTATTTACGTGCGCACGGTGCAGATACAATACTGACACAGCATTTCTTGAAAGATGATATAGATACGTATATCAATCGTACAGAGTTGATTCAAACAGTGAAACTACAAGAAAATGGCGTCGCCATAGCACACGGTTCGAACGATAAAATTTATCATCCTATTACAGTTGCACAAGCTGCCGATGAACTGTTAAGTTTAGATGGTGTAGAGGCTTCATATGTAATTGCAAGAAGAGAAGAAAATGTAATAGGTATGTCTGCCCGCTCACTTGGTGCTGTCAATGTGCAGTTAACGATGGAAGCGCTTGGCGGTGGTGGTCATTTAACTA,Custom parameters,70,2,15,22,15,20,15,20,15,25,64,68,59,63,59,63,64,66,40,70,40,65,-4,-4,-2,-2.5,-3.5,120,160,40,60,0,60,0,100,3,10,3,10,1000
TACTGACACAGCATTTCTTGAAAGATGATATAGATACGTATATCAATCGTACAGAGTTGATTCAAACAGTGAAACTACAAGAAAATGGCGTCGCCATAGCACACGGTTCGAACGATAAAATTTATCATCCTATTACAGTTGCACAAGCTGCCGATGAACTGTTAAGTTTAGATGGTGTAGAGGCTTCATATGTAATTGCAAGAAGAGAAGAAAATGTAATAGGTATGTCTGCCCGCTCACTTGGTGCTGTCAATGTGCAGTTAACGATGGAAGCGCTTGGCGGTGGTGGTCATTTAACTAATGCAGCTACACAGTTAAATGATGTAACCGTGGATGAAGCAATAGAAAAATTACAACAAGCTATAACAGAACAAACGAGTAGGAGTGAAAATGCATGAAAGTAATATTCACACAAGATGTAAAAGGTAAAGGTAAAAAAGGCGAAGTTAAAGACGTACCAGTAGGCTATGCAAATAACTTTTTATTAAAGAAAAATTACGCTATAGAAGCAACACCTGGTAATTTAAAACAATTAGAACAAAAAAATAAA,Custom parameters,70,4,15,22,15,20,15,20,15,25,64,68,59,63,59,63,64,66,40,70,40,65,-4,-4,-2,-2.5,-3.5,120,160,40,60,0,60,0,100,3,10,3,10,1000
CAATGTGCAGTTAACGATGGAAGCGCTTGGCGGTGGTGGTCATTTAACTAATGCAGCTACACAGTTAAATGATGTAACCGTGGATGAAGCAATAGAAAAATTACAACAAGCTATAACAGAACAAACGAGTAGGAGTGAAAATGCATGAAAGTAATATTCACACAAGATGTAAAAGGTAAAGGTAAAAAAGGCGAAGTTAAAGACGTACCAGTAGGCTATGCAAATAACTTTTTATTAAAGAAAAATTACGCTATAGAAGCAACACCTGGTAATTTAAAACAATTAGAACAAAAAAATAAAGCTGCTGAAGCAGAGCGTCAACAAGAAATTGAAGATGCTAAACAATTAAAAGCACAATTAAGTGAAATTGAAGTCGAAGTGTCTGCTAAAACAGGCGAAGGCGGTAAATTATTTGGTTCAGTAAGCACAAAACAAATCACGCAAGCGTTACAAGAACAACACAACATTAAAATTGATAAACGTAAAATGGAGTTACCAAATGGTATCCATGCATTAGGTTACACTAACGTACCAGTGAAACTAGATAAAG,Custom parameters,70,6,15,22,15,20,15,20,15,25,64,68,59,63,59,63,64,66,40,70,40,65,-4,-4,-2,-2.5,-3.5,120,160,40,60,0,60,0,100,3,10,3,10,1000
CTATAGAAGCAACACCTGGTAATTTAAAACAATTAGAACAAAAAAATAAAGCTGCTGAAGCAGAGCGTCAACAAGAAATTGAAGATGCTAAACAATTAAAAGCACAATTAAGTGAAATTGAAGTCGAAGTGTCTGCTAAAACAGGCGAAGGCGGTAAATTATTTGGTTCAGTAAGCACAAAACAAATCACGCAAGCGTTACAAGAACAACACAACATTAAAATTGATAAACGTAAAATGGAGTTACCAAATGGTATCCATGCATTAGGTTACACTAACGTACCAGTGAAACTAGATAAAGAAGTTGAAGGTACTATTCGTGTACACACAGTTGAACAATAATAGTGGATTGAGATATGAGGTGTAATCACAATGGATGGAATGTATGAACAAAATCAAATGCCACACAGTAATGAGGCTGAACAGTCTGTCTTAGGTGCCATTATCATAGATCCAGAATTAATCAACACAACTCAGGAAGTATTACTTCCTGAGTCATTTTATAGAGGTGCACATCAACACATCTTTAGAGCAATGATGAACCTCAATGA,Custom parameters,70,8,15,22,15,20,15,20,15,25,64,68,59,63,59,63,64,66,40,70,40,65,-4,-4,-2,-2.5,-3.5,120,160,40,60,0,60,0,100,3,10,3,10,1000
TGGTATCCATGCATTAGGTTACACTAACGTACCAGTGAAACTAGATAAAGAAGTTGAAGGTACTATTCGTGTACACACAGTTGAACAATAATAGTGGATTGAGATATGAGGTGTAATCACAATGGATGGAATGTATGAACAAAATCAAATGCCACACAGTAATGAGGCTGAACAGTCTGTCTTAGGTGCCATTATCATAGATCCAGAATTAATCAACACAACTCAGGAAGTATTACTTCCTGAGTCATTTTATAGAGGTGCACATCAACACATCTTTAGAGCAATGATGAACCTCAATGAAGATAATAAAGATATTGATGTTGTAACCATTATGGATCAATTGGCACAAGAAGGTCGATTGAATGAAGCGGGTGGTCCTCAGTATCTTGCAGAATTATCAAGTAATGTACCGACAACACGTAATATCCAATACTATACTGAGATTGTTTTTAAGCATGCAACTAAGCGTAAATTAATACAAGCGGCAGATAGTATTGCGAATGATGGTTATAATGATGAGCTGGAACTAGATACGATACTTAACGACGCT,Custom parameters,120,2,15,22,15,20,15,20,15,25,64,68,59,63,59,63,64,66,40,70,40,65,-4,-4,-2,-2.5,-3.5,120,160,40,60,0,60,0,100,3,10,3,10,1000
TATAGAGGTGCACATCAACACATCTTTAGAGCAATGATGAACCTCAATGAAGATAATAAAGATATTGATGTTGTAACCATTATGGATCAATTGGCACAAGAAGGTCGATTGAATGAAGCGGGTGGTCCTCAGTATCTTGCAGAATTATCAAGTAATGTACCGACAACACGTAATATCCAATACTATACTGAGATTGTTTTTAAGCATGCAACTAAGCGTAAATTAATACAAGCGGCAGATAGTATTGCGAATGATGGTTATAATGATGAGCTGGAACTAGATACGATACTTAACGACGCTGAACGTCGTATATTAGAATTATCATCCTCACGTGAAAGTGATGGATTTAAGGATATTCGAGATGTACTTGGTGAAGTATATGAGAATGCAGAAGTATTAGATCAAAACAGTGGTCAAACCCCAGGTATTCCTACGGGATATCGAGACTTAGACCAGATGACAGCAGGGTTTAACCGCAATGATTTAATCATTTTGGCAGCACGTCCTTCAGTAGGTAAGACTGCTTTCGCACTTAATATTGCACAAAAAG,Custom parameters,120,4,15,22,15,20,15,20,15,25,64,68,59,63,59,63,64,66,40,70,40,65,-4,-4,-2,-2.5,-3.5,120,160,40,60,0,60,0,100,3,10,3,10,1000
ATGATGGTTATAATGATGAGCTGGAACTAGATACGATACTTAACGACGCTGAACGTCGTATATTAGAATTATCATCCTCACGTGAAAGTGATGGATTTAAGGATATTCGAGATGTACTTGGTGAAGTATATGAGAATGCAGAAGTATTAGATCAAAACAGTGGTCAAACCCCAGGTATTCCTACGGGATATCGAGACTTAGACCAGATGACAGCAGGGTTTAACCGCAATGATTTAATCATTTTGGCAGCACGTCCTTCAGTAGGTAAGACTGCTTTCGCACTTAATATTGCACAAAAAGTTGCAACACACGAAGATCATTTTTCAGTAGGCATATTCTCGCTAGAGATGGGGGCAGATCAACTTGCAACACGTATGATTTGTAGTTCAGGAAATGTGGACTCAAACCGCCTGAGAACAGGTATGATGACTGAAGAAGACTGGAATCGATTTACTATTGCGGTTGGTAAACTATCACGTACTAAGATATTTATCGACGATACACCTGGTATTCGTATTACAGACATTCGTTCTAAGTGCCGTCGTTTAAA,Custom parameters,120,6,15,22,15,20,15,20,15,25,64,68,59,63,59,63,64,66,40,70,40,65,-4,-4,-2,-2.5,-3.5,120,160,40,60,0,60,0,100,3,10,3,10,1000
ACGTCCTTCAGTAGGTAAGACTGCTTTCGCACTTAATATTGCACAAAAAGTTGCAACACACGAAGATCATTTTTCAGTAGGCATATTCTCGCTAGAGATGGGGGCAGATCAACTTGCAACACGTATGATTTGTAGTTCAGGAAATGTGGACTCAAACCGCCTGAGAACAGGTATGATGACTGAAGAAGACTGGAATCGATTTACTATTGCGGTTGGTAAACTATCACGTACTAAGATATTTATCGACGATACACCTGGTATTCGTATTACAGACATTCGTTCTAAGTGCCGTCGTTTAAAGCAAGAGCATGGCTTAGACATGGTTGTTATTGATTACTTACAATTAATTTCAGGTAGTGGCTCACGCTTTTCAGATAATAGACAACAAGAAGTTTCTGAGATTTCACGTACATTAAAGGCTATTGCTAGAGAGTTAGAATGCCCTGTTATTGCACTGAGTCAGTTATCACGTGGTGTTGAACAACGTCAAGATAAACGACCGATGATGAGTGATATTCGTGAATCAGGTTCTATCGAGCAAGATGCAGAT,Custom parameters,120,8,15,22,15,20,15,20,15,25,64,68,59,63,59,63,64,66,40,70,40,65,-4,-4,-2,-2.5,-3.5,120,160,40,60,0,60,0,100,3,10,3,10,1000
ACACCTGGTATTCGTATTACAGACATTCGTTCTAAGTGCCGTCGTTTAAAGCAAGAGCATGGCTTAGACATGGTTGTTATTGATTACTTACAATTAATTTCAGGTAGTGGCTCACGCTTTTCAGATAATAGACAACAAGAAGTTTCTGAGATTTCACGTACATTAAAGGCTATTGCTAGAGAGTTAGAATGCCCTGTTATTGCACTGAGTCAGTTATCACGTGGTGTTGAACAACGTCAAGATAAACGACCGATGATGAGTGATATTCGTGAATCAGGTTCTATCGAGCAAGATGCAGATATCGTCGCTTTCTTATATCGTGATGATTATTATAATCGTGGCGAAGATGAAGAAGACGATGATGACACAAATTTCGAACCTCAAACCAATGATGACAATGGCGAAATTGAAATTATTATCGCTAAGCAACGTAATGGTCCTACAGGAACAGTGAAGTTGCATTTTATGAAACAATACAACAAATTTACAGATATAGACTATGCACATGCTGAAATGGGATAAAAAATTATAAAAAATATTTTCCGTACAA,Custom parameters,170,2,15,22,15,20,15,20,15,25,64,68,59,63,59,63,64,66,40,70,40,65,-4,-4,-2,-2.5,-3.5,120,160,40,60,0,60,0,100,3,10,3,10,1000
CGATGATGAGTGATATTCGTGAATCAGGTTCTATCGAGCAAGATGCAGATATCGTCGCTTTCTTATATCGTGATGATTATTATAATCGTGGCGAAGATGAAGAAGACGATGATGACACAAATTTCGAACCTCAAACCAATGATGACAATGGCGAAATTGAAATTATTATCGCTAAGCAACGTAATGGTCCTACAGGAACAGTGAAGTTGCATTTTATGAAACAATACAACAAATTTACAGATATAGACTATGCACATGCTGAAATGGGATAAAAAATTATAAAAAATATTTTCCGTACAATAAATCATTGTTTTGTTTTATTGTACGGTTTTTGATTGTTATTGGTTCATAGATTTTTAAGTAAGTATGTGTCTTTGTTTTACAAATTAGTTCAATAAAACTATGCTATCACTAGCTTAAAGGTACATACGGGTTAGTTGATGTTTTTTGCTAATTAGAGAGAATCATTGGAAATCAATGTTCGATTTTTGGTTTGCAATCTATCCTGTGTATTGGTAAAATACGTAATGGTTAATCGAGAAAACTTGGA,Custom parameters,170,4,15,22,15,20,15,20,15,25,64,68,59,63,59,63,64,66,40,70,40,65,-4,-4,-2,-2.5,-3.5,120,160,40,60,0,60,0,100,3,10,3,10,1000
TGCACATGCTGAAATGGGATAAAAAATTATAAAAAATATTTTCCGTACAATAAATCATTGTTTTGTTTTATTGTACGGTTTTTGATTGTTATTGGTTCATAGATTTTTAAGTAAGTATGTGTCTTTGTTTTACAAATTAGTTCAATAAAACTATGCTATCACTAGCTTAAAGGTACATACGGGTTAGTTGATGTTTTTTGCTAATTAGAGAGAATCATTGGAAATCAATGTTCGATTTTTGGTTTGCAATCTATCCTGTGTATTGGTAAAATACGTAATGGTTAATCGAGAAAACTTGGAGGTGCTCACATGTCATCAATAGTAGTAGTTGGGACACAATGGGGAGACGAAGGTAAAGGTAAAATCACAGATTTCTTAGCAGAACAAGCAGACGTTATTGCACGTTTTTCAGGTGGTAATAATGCTGGTCACACTATTAAATTTGGCGGAGAAACATATAAATTACACTTAGTACCATCTGGTATTTTTTATAAAGAAAAATTAGCAGTTATTGGTAACGGTGTCGTTGTAGATCCAGTGGCACTATTAA,Custom parameters,170,6,15,22,15,20,15,20,15,25,64,68,59,63,59,63,64,66,40,70,40,65,-4,-4,-2,-2.5,-3.5,120,160,40,60,0,60,0,100,3,10,3,10,1000
CTATCCTGTGTATTGGTAAAATACGTAATGGTTAATCGAGAAAACTTGGAGGTGCTCACATGTCATCAATAGTAGTAGTTGGGACACAATGGGGAGACGAAGGTAAAGGTAAAATCACAGATTTCTTAGCAGAACAAGCAGACGTTATTGCACGTTTTTCAGGTGGTAATAATGCTGGTCACACTATTAAATTTGGCGGAGAAACATATAAATTACACTTAGTACCATCTGGTATTTTTTATAAAGAAAAATTAGCAGTTATTGGTAACGGTGTCGTTGTAGATCCAGTGGCACTATTAAAAGAATTAGACGCTTTAAATGAAAGAGGTATTTCGACAGATAACTTACGTATTTCAAATAGAGCACAAGTTATTTTACCTTACCATATTAAACAAGATGAATATGAAGAAGAACGTCGTGGAGATAATAAGATTGGTACAACGAAAAAAGGTATTGGCCCTGCTTACGTAGATAAAGCACAACGTATTGGTATTCGTGTTGCCGATTTATTAGACAAAGAAACATTCGAAAGATTATTAAAAGATAATAT,Custom parameters,170,8,15,22,15,20,15,20,15,25,64,68,59,63,59,63,64,66,40,70,40,65,-4,-4,-2,-2.5,-3.5,120,160,40,60,0,60,0,100,3,10,3,10,1000
ATTAGCAGTTATTGGTAACGGTGTCGTTGTAGATCCAGTGGCACTATTAAAAGAATTAGACGCTTTAAATGAAAGAGGTATTTCGACAGATAACTTACGTATTTCAAATAGAGCACAAGTTATTTTACCTTACCATATTAAACAAGATGAATATGAAGAAGAACGTCGTGGAGATAATAAGATTGGTACAACGAAAAAAGGTATTGGCCCTGCTTACGTAGATAAAGCACAACGTATTGGTATTCGTGTTGCCGATTTATTAGACAAAGAAACATTCGAAAGATTATTAAAAGATAATATTGAATACAAAGGTGCGTACTTCGAAGGCATGTTTGGTAAACCATGTCCATCATTTGATGAAATCTTTGAAGCTTATTATGCAGCCGGCCAACGTTTAGCTCCATTCGTTACTGACACTGCAAAAGTTTTAGATGATGCATTTGTAGCAGAAGAAAAAGTATTATTCGAAGGTGCGCAAGGTGTAATGCTAGATATCGATCATGGTACTTACCCATTCGTTACTTCAAGTAACCCAGTTGCCGGTAACGTT,Custom parameters,220,2,15,22,15,20,15,20,15,25,64,68,59,63,59,63,64,66,40,70,40,65,-4,-4,-2,-2.5,-3.5,120,160,40,60,0,60,0,100,3,10,3,10,1000
GCCGATTTATTAGACAAAGAAACATTCGAAAGATTATTAAAAGATAATATTGAATACAAAGGTGCGTACTTCGAAGGCATGTTTGGTAAACCATGTCCATCATTTGATGAAATCTTTGAAGCTTATTATGCAGCCGGCCAACGTTTAGCTCCATTCGTTACTGACACTGCAAAAGTTTTAGATGATGCATTTGTAGCAGAAGAAAAAGTATTATTCGAAGGTGCGCAAGGTGTAATGCTAGATATCGATCATGGTACTTACCCATTCGTTACTTCAAGTAACCCAGTTGCCGGTAACGTTACTGTTGGTGGCGGTGTAGGTCCAACATTCGTATCTAAAGTCATTGGTGTATGTAAGGCATATACATCGCGTGTAGGCGATGGTCCTTTCCCAACTGAACTATTTGATGATGACGGGCACCATATCCGTGAAGTAGGCCGTGAATACGGTACAACTACAGGTCGTCCACGCCGTGTAGGTTGGTTCGATTCAGTAGTATTACGTCACTCTCGCCGTGCGAGTGGTATTACAGACCTATCAATCAACTCTA,Custom parameters,220,4,15,22,15,20,15,20,15,25,64,68,59,63,59,63,64,66,40,70,40,65,-4,-4,-2,-2.5,-3.5,120,160,40,60,0,60,0,100,3,10,3,10,1000
ATGGTACTTACCCATTCGTTACTTCAAGTAACCCAGTTGCCGGTAACGTTACTGTTGGTGGCGGTGTAGGTCCAACATTCGTATCTAAAGTCATTGGTGTATGTAAGGCATATACATCGCGTGTAGGCGATGGTCCTTTCCCAACTGAACTATTTGATGATGACGGGCACCATATCCGTGAAGTAGGCCGTGAATACGGTACAACTACAGGTCGTCCACGCCGTGTAGGTTGGTTCGATTCAGTAGTATTACGTCACTCTCGCCGTGCGAGTGGTATTACAGACCTATCAATCAACTCTATTGATGTGTTAACAGGTCTAAAAGAAGTTAAAATCTGTACTGCCTATGAGTTGGATGGTAAAGAAATCACTGAATATCCAGCAAACTTGAAAGACTTACAACGTTGTAAGCCAATCTTTGAAACATTGCCTGGTTGGACAGAAGATGTAACTGGTTGTCAATCATTAGATGAATTACCTAATAATGCACGTAGATACTTAGAACGTATATCTGAGCTAAGTGATGTTAAGATTTCTATCTTCTCAGTAGG,Custom parameters,220,6,15,22,15,20,15,20,15,25,64,68,59,63,59,63,64,66,40,70,40,65,-4,-4,-2,-2.5,-3.5,120,160,40,60,0,60,0,100,3,10,3,10,1000
ACGTCACTCTCGCCGTGCGAGTGGTATTACAGACCTATCAATCAACTCTATTGATGTGTTAACAGGTCTAAAAGAAGTTAAAATCTGTACTGCCTATGAGTTGGATGGTAAAGAAATCACTGAATATCCAGCAAACTTGAAAGACTTACAACGTTGTAAGCCAATCTTTGAAACATTGCCTGGTTGGACAGAAGATGTAACTGGTTGTCAATCATTAGATGAATTACCTAATAATGCACGTAGATACTTAGAACGTATATCTGAGCTAAGTGATGTTAAGATTTCTATCTTCTCAGTAGGACCAGACCGTAATCAAACAAACTTATTAAACTCGTTATGGTAAGCAATTAGTACCATTTAAATTTTATTAAAAAGAAAACCTTGTAGTCATTCATTTTTCTAAAAATGATTTTGGCTACAAGGTTTTTTTGTATATTTATTTTTGTATCATGCAATGCGTGTCACGAAATTCTAGAATTTTATTAACAGCTAACTCATAGCCATATTGTTCACCATGTGAAGAGTCTTTGATCATAGCTATATTGTCTTG,Custom parameters,220,8,15,22,15,20,15,20,15,25,64,68,59,63,59,63,64,66,40,70,40,65,-4,-4,-2,-2.5,-3.5,120,160,40,60,0,60,0,100,3,10,3,10,1000
GAACGTATATCTGAGCTAAGTGATGTTAAGATTTCTATCTTCTCAGTAGGACCAGACCGTAATCAAACAAACTTATTAAACTCGTTATGGTAAGCAATTAGTACCATTTAAATTTTATTAAAAAGAAAACCTTGTAGTCATTCATTTTTCTAAAAATGATTTTGGCTACAAGGTTTTTTTGTATATTTATTTTTGTATCATGCAATGCGTGTCACGAAATTCTAGAATTTTATTAACAGCTAACTCATAGCCATATTGTTCACCATGTGAAGAGTCTTTGATCATAGCTATATTGTCTTGATATTCATCTAAATGATCAAGCATCATTAACACGGTTTGTTTCAATTGTTTTACTGTAAAAGTTTCGGAATTTAACTGCTGTCCGATATTTAAATTTTCTATTTGTTGTGCTACAACGGGTTGGTCTGCATTTTGTGGAAAAGCTAACATAGGGACACCCATCATAATTGCTTCATTCGCACTATTCATACCTGCGTGTGTTAAGAATAATGAAGTGTATTGAAGTAATTCAATTTGAGGTACAAACGAC,Custom parameters,270,2,15,22,15,20,15,20,15,25,64,68,59,63,59,63,64,66,40,70,40,65,-4,-4,-2,-2.5,-3.5,120,160,40,60,0,60,0,100,3,10,3,10,1000
CCATATTGTTCACCATGTGAAGAGTCTTTGATCATAGCTATATTGTCTTGATATTCATCTAAATGATCAAGCATCATTAACACGGTTTGTTTCAATTGTTTTACTGTAAAAGTTTCGGAATTTAACTGCTGTCCGATATTTAAATTTTCTATTTGTTGTGCTACAACGGGTTGGTCTGCATTTTGTGGAAAAGCTAACATAGGGACACCCATCATAATTGCTTCATTCGCACTATTCATACCTGCGTGTGTTAAGAATAATGAAGTGTATTGAAGTAATTCAATTTGAGGTACAAACGACTTTATGACAAAGTTGGAAGGCGCCTCATCAAAATCCTCTATACGATTCGTTTCTCCAATAGAAACTACTACTGTAGCATCAATATCAGCTAAAGCCTTAAAGCACTTATTGAAAAATGGTATATTTTCATTGAAAACAGTACCTAAAGAAATATAGATGATAGGCTTAGACTGATCAATTTCTGACATGAAATTCGATGGTTGTGGCAAGATGACAGATGGTCCAGCAAAGAAATAGCGATTACTATCAA,Custom parameters,270,4,15,22,15,20,15,20,15,25,64,68,59,63,59,63,64,66,40,70,40,65,-4,-4,-2,-2.5,-3.5,120,160,40,60,0,60,0,100,3,10,3,10,1000
TTAAGAATAATGAAGTGTATTGAAGTAATTCAATTTGAGGTACAAACGACTTTATGACAAAGTTGGAAGGCGCCTCATCAAAATCCTCTATACGATTCGTTTCTCCAATAGAAACTACTACTGTAGCATCAATATCAGCTAAAGCCTTAAAGCACTTATTGAAAAATGGTATATTTTCATTGAAAACAGTACCTAAAGAAATATAGATGATAGGCTTAGACTGATCAATTTCTGACATGAAATTCGATGGTTGTGGCAAGATGACAGATGGTCCAGCAAAGAAATAGCGATTACTATCAAATGTATCAGGGTGGATTTGGAAGTTTCGCATAACGTATGAAATATTTAATTCACCTGGATTATTCATCACTTCAAATCTTGAAGGAATTGAAATATCATAAGTTTGTTCTAAATGTGTCTTTAAAGTAGTAAACGCTTTGTCTGCGTCATCTTTTGCTTCACTACTCAAGTTTATGTTCAATTGATTTGTGAATTGATCAAAGGAATCTTTAGTATGTGCAAACGTTGTAATAGAAGAAATAGCAGGGAT,Custom parameters,270,6,15,22,15,20,15,20,15,25,64,68,59,63,59,63,64,66,40,70,40,65,-4,-4,-2,-2.5,-3.5,120,160,40,60,0,60,0,100,3,10,3,10,1000
TTGTGGCAAGATGACAGATGGTCCAGCAAAGAAATAGCGATTACTATCAAATGTATCAGGGTGGATTTGGAAGTTTCGCATAACGTATGAAATATTTAATTCACCTGGATTATTCATCACTTCAAATCTTGAAGGAATTGAAATATCATAAGTTTGTTCTAAATGTGTCTTTAAAGTAGTAAACGCTTTGTCTGCGTCATCTTTTGCTTCACTACTCAAGTTTATGTTCAATTGATTTGTGAATTGATCAAAGGAATCTTTAGTATGTGCAAACGTTGTAATAGAAGAAATAGCAGGGATACCTAATTTTTGAGCCAGCATATAGCCGCATCCAAACATAGAATCATAAATCATATAATCGTAATGTTCATCTTTAGTCTCTTTTAATATTTTTGGTAAGAACAAATCTGTGGTATTCAATAATCCATTCATGACATTAAAAAGGTTATCACGTCCATAAGTTGAAAAATAATCCATCATGTCGTCTGAATTGAATGTACGTATTTCTACGCCAATATCCTGAAGCCTATCTGTGAATTTATCGGTTGCG,Custom parameters,270,8,15,22,15,20,15,20,15,25,64,68,59,63,59,63,64,66,40,70,40,65,-4,-4,-2,-2.5,-3.5,120,160,40,60,0,60,0,100,3,10,3,10,1000
